cuiimtclaimantuserf51ba85cd0c245f6b81c20c7069b24f3@gmail.com,f8a6f3a0-62ad-4dd2-b08f-c47d4050d8d1
cuiimtclaimantuserd61e29ec15964033a0bee06265f721a1@gmail.com,9cba2267-3c29-49a0-abe1-52aacc7e77ab
cuiimtclaimantuserf4183586b0e7454b967f23c00c37a14e@gmail.com,bab6823f-20e5-439e-ab69-b907c29f5351
cuiimtclaimantuserc250c81238504434abd43a6ab2bccffa@gmail.com,0bb1393b-b869-4f1c-a563-7f35c310fd56
cuiimtclaimantuser722d6f2fb84849ffbb24c940efb33ad5@gmail.com,9f405468-8579-4dbd-9ebb-5194a987a33f
cuiimtclaimantuser01d906c0f4db46699264bdd75a2a1ec1@gmail.com,7a87a59a-1292-4673-a42e-5873f5dbec09
cuiimtclaimantuser6678c108aab84477a13963c9130b83dc@gmail.com,4f97cf42-52cc-4494-a8f9-fd8a601022db
cuiimtclaimantuser823f4a27b1924dbba6e35e35f653ddf0@gmail.com,7ca4c55c-2d93-463d-a40a-067b90d7866c
cuiimtclaimantuser504b9bf954d54499af59f6dc94f3efd3@gmail.com,2b7613d5-01e1-4b06-96cd-11afb598b995
cuiimtclaimantuserf04ff8a983664e85b4cfb91f166badd0@gmail.com,0d4be57d-890c-4caa-b681-145db1be5ec0
cuiimtclaimantuser724c8b411c954e42afbd7c8db300c2fe@gmail.com,6bd289ce-9389-4a63-b74a-e60cf3d00f3b
cuiimtclaimantuser3e5d3e57e1d742b2bb77a14e3e2bff2c@gmail.com,2c5aa80f-a335-44b0-8e3a-cd7c1c8781de
cuiimtclaimantusera170d26d2bce412c8bc65161dbfa56fd@gmail.com,888abcaa-d113-4967-82b6-0797f6ad8fee
cuiimtclaimantuser732068b8fa5949c7b6adde25b5750655@gmail.com,dd187c33-767a-4831-b4bb-fb449a86fc6a
cuiimtclaimantuserb6f80dd617604f31b48d584e60f5ec8e@gmail.com,27ec9ba9-f253-454d-9915-8ba0fc59a9b3
cuiimtclaimantuserd556e55774104810976f0700fd686f86@gmail.com,91a6fb47-81d8-4210-a13a-347659b2c4bc
cuiimtclaimantuserd492e414ea8349379e45f3788919091d@gmail.com,011af5a7-a9e2-4b04-8e0c-509044344696
cuiimtclaimantuser02f5b627f2de4550947b50db14b1a84d@gmail.com,55690b79-6bf6-4ba5-8067-4f72717be84b
cuiimtclaimantuser0668044646bf4e5bba3cf1e7bd785517@gmail.com,ed52dfbb-ee12-4c46-9991-f8b8dba8e373
cuiimtclaimantuserfcb3bb97ee6e4e6aaa5bda0cfd51a07a@gmail.com,8d348e03-31dc-4e4f-ae7b-6b1b6120a64c
cuiimtclaimantuserc787d0fe62374193ae5b2582f9704ea9@gmail.com,fc02acd4-fc18-4118-a1c7-0b6ad85b0f47
cuiimtclaimantuserde5760579a374514bcb7667997a0209e@gmail.com,05466988-1c55-4b21-a8bb-fba6327c25c0
cuiimtclaimantuser69fa33c558b44c0a8ce57902bba3ecf0@gmail.com,b1a4a4d8-9d06-40ac-ab77-90e9f0e1c0e4
cuiimtclaimantuser66912a57dfc2496ebd2ff211e965e2fb@gmail.com,2ba69efc-180d-48fd-8e6e-3e07521b3ee9
cuiimtclaimantuserd1abbc3023314ed7a9874128a7f1fe73@gmail.com,cd6464bf-68d2-487b-a7f6-4afb9bfdf2bf
cuiimtclaimantuser2c5e68f55b004055aa28a46534f7c97c@gmail.com,ecdbdb04-b21c-4ba8-92a7-45f91a978091
cuiimtclaimantuserd9a23aedf8414b83830e4feabf6b7e22@gmail.com,8a64c413-91e9-4b1c-8cc2-5e0c32795beb
cuiimtclaimantuser94fa5f364712401db2cdd5c46706317f@gmail.com,85ca6601-222f-4658-8622-117957973389
cuiimtclaimantuser222b9c7aad0648fbafa27d21f6c0c98e@gmail.com,9a16e119-9de5-4aaf-b5d4-d3a9221686e8
cuiimtclaimantuserd63087372f0a44579777b1ef023f4491@gmail.com,41ae522b-8aea-48b7-9b55-9691c9312bed
cuiimtclaimantuserfffc64aa9f804166a230074c112ebc19@gmail.com,8585f40f-7fd5-42ee-997c-3526a95baaec
cuiimtclaimantuser52cc2d6ff3784ea1b8d728715679d332@gmail.com,98ea8f31-baef-4177-ae81-31e2bbec3695
cuiimtclaimantusera7ccab00f61a43558575ea5dcae39cb9@gmail.com,69f0f636-a634-4a5f-91a9-820c0bdc408d
cuiimtclaimantuser29ba57e9860a473494f44706fc1b456c@gmail.com,1f6b93c9-75e2-4a7d-8d29-3ade55a7448f
cuiimtclaimantuser9fe6e9f1e6dc48c086e7ea6fe037d585@gmail.com,e4b665f4-0767-4b91-a288-e2671a2b9e7d
cuiimtclaimantuser18e4eff32db74aa38769b07dd5d3adec@gmail.com,8df77cb3-8168-49ca-9388-0f170d2b4e9b
cuiimtclaimantuser4c4d809980844838bcf48ca7fab07608@gmail.com,cf03b905-bba2-4e3b-8800-cfe5e701efee
cuiimtclaimantuser530012cccda74aad834b82bbf2f41250@gmail.com,c7fcaea8-982c-4208-8f54-8e2904c80e9c
cuiimtclaimantuser6b03ca49742d4bf8b1f80121880dbfef@gmail.com,ddf6a201-f57d-48ce-8866-e30b922440e7
cuiimtclaimantuserc95d57e4ccee40cb9cf85e6d8c8e1246@gmail.com,4952c570-5202-4a2b-b73b-6cabd802e09a
cuiimtclaimantuser28f8a0cce5734a6589200cb33d4cc573@gmail.com,32af4cc7-6b34-4b96-a8f1-72c89ed2f7b6
cuiimtclaimantuser0c174fde06884e7fa826f8ea9974e0c7@gmail.com,05efc069-9313-4d42-a57d-81e996787c6b
cuiimtclaimantuser463955918eb34650b0765254070ea3f8@gmail.com,a6b5b753-8edf-4b52-81d3-d5e045dfac66
cuiimtclaimantuser4b26b5f41a0e480aafc78af6fd777410@gmail.com,95c566be-653d-4d5e-b19e-cc46041c7d03
cuiimtclaimantuser5d25193eb2c34403b9f68f63537fb250@gmail.com,de435d8b-6941-4d7e-9602-a9a6e37f2d9b
cuiimtclaimantuserd5a7da8fb2a24049ae2579a601ead965@gmail.com,0633db4f-9c50-4133-9ef8-1a600c660c1a
cuiimtclaimantuserbcf6023b4a67452fb6d38e284d18f412@gmail.com,fa5302d6-3eed-494f-95e6-c3cc6ead837a
cuiimtclaimantuser0b7eaa6d36fc4813a6edd571a05d920c@gmail.com,5d68c288-e1a7-43ac-afe8-241b7eddbd2f
cuiimtclaimantuser1b42e106b916445eb9ecbbcd36d596f3@gmail.com,a2968ef7-b272-4954-b8c8-2fe068c3f95b
cuiimtclaimantuser147e482e71c0453c97aae2627e324367@gmail.com,eb10bd8c-3546-45cc-b41d-312d09df056b
cuiimtclaimantuser44a21a559d9745a394c85d3251628e73@gmail.com,ebfa35f9-8a2e-406d-8ec3-84db8c212066
cuiimtclaimantuser407ad622d1de4a71965d8f5a19a6ad9e@gmail.com,4d9782ed-ddc3-43bf-b1be-a4bd0998469e
cuiimtclaimantuser246ecbd2ff344c5fbe5cda2b3e3c7955@gmail.com,160e522e-f9ab-4d36-9e2b-ed84686e3545
cuiimtclaimantuser31799f2fe90843d1be584fffb7d58ae5@gmail.com,e167b80f-08a6-4a4b-86d3-feddb9cccb5b
cuiimtclaimantuseraa25f6e37a544693b840aee0d28f4045@gmail.com,25761ae1-29b1-469c-aa2b-ce98a52aae72
cuiimtclaimantuser5b7467d48377493d9cb94e549446a50e@gmail.com,b36e81e2-33dc-49da-8a3d-05d8a376bfb4
cuiimtclaimantuserf60f0b09dc5d468aaf78d18c48b316b6@gmail.com,38f3dfbe-c486-48e6-92ca-729d0f404994
cuiimtclaimantuserf9f2b7ff00fa4d8f994f6c6623dfe68b@gmail.com,aaae2d3a-2625-4bd2-bfd1-53cdd27ab21a
cuiimtclaimantusera2d446f01a424555863e5b0d05c02c3b@gmail.com,10094e5e-1f00-4eed-9308-e51ab92b3e35
cuiimtclaimantuser89b124642c354ad09a837152c26a639b@gmail.com,2d615e1f-9e0f-4254-9210-4b1e2b60e860
cuiimtclaimantuser9ec214272c6d46fb8310cc4821e0bf30@gmail.com,c1c08d8b-7c47-41de-813e-1a16db67db6e
cuiimtclaimantuser71aae44a15a14c9a8614d02e2fdcc87a@gmail.com,3af149f0-fa18-474f-9d2e-7ea655819061
cuiimtclaimantuser845f6c24fe8b41bfb202b4f5abc81164@gmail.com,a7e89d59-5163-409c-b603-1ceb74f295a7
cuiimtclaimantuserbf4a6c4339f84db59bc291b355823ed2@gmail.com,dddb24ee-0431-4e46-85c2-b577155125c1
cuiimtclaimantuserd4e4bb9aa1b24bd9a95def6eeec47535@gmail.com,ec69c556-cc49-4b8b-9551-1eebb25f25a6
cuiimtclaimantuserdf2b15960ece420c8906f6518b407d62@gmail.com,9fb10d51-5167-4d0f-8823-a02fcce6430b
cuiimtclaimantusere6b669bfee1841f1abb7f098b5c33223@gmail.com,b73a5fd8-1294-4545-b8b6-645e0c886c90
cuiimtclaimantuser542c06aeeaa94dc2a7b6c0a4a25aa644@gmail.com,2cadbb25-0b88-4d41-90fb-a75289e8d141
cuiimtclaimantuser0ef2c374eb344088af4c9b7d2af4221e@gmail.com,6199c360-f46b-4f7c-82c0-bf16bf84c282
cuiimtclaimantuserb88c9bfc552d4a9697115ed462ac337d@gmail.com,e500cfc3-47aa-4915-8131-2a36818e1729
cuiimtclaimantuser99bdcc1ba1c947c9888651f1f21fb9b9@gmail.com,d3069bc6-6370-4bad-b048-74a38b845a16
cuiimtclaimantuser8fd590ac339b4a0e87bba478822f1e36@gmail.com,988e941e-4284-4ad3-b039-d78eba3ba3af
cuiimtclaimantuser4bd0988760424477a271a3b55fe90d23@gmail.com,232ab458-1e14-4ec1-8db7-4faafd3cbf59
cuiimtclaimantuser3c2e90da3463497fb927d8d14422ced1@gmail.com,1ef20b77-2eb7-4feb-8f1e-3dc0befc4576
cuiimtclaimantusercaa0e30d57834a36831f44c48ab6adf2@gmail.com,d27d4227-04d6-4c6b-9d5c-18b67804aa07
cuiimtclaimantuser5ca9e41a0468496ba4af9593f34c2db3@gmail.com,b94c849f-bdf0-469f-9518-381b34dc425e
cuiimtclaimantuser8a80048c461f4dd1b137bbd7db592548@gmail.com,9a9a4cad-7920-43a2-9d62-2b53d1a4ca0c
cuiimtclaimantuser62bd690fbbc74c2196155d79a96d2a05@gmail.com,06d2974c-e4e1-43b0-b837-e4255ea10f37
cuiimtclaimantuser50fde4dd998b425eace8f4e05afe0cbd@gmail.com,8f96b1a4-7083-4611-8609-7de04affeeb0
cuiimtclaimantuser11a8c231c00e4afa81874d10fec8ab74@gmail.com,22dedc7f-879f-437f-bfb8-a558104c2d43
cuiimtclaimantuserf89d13c6c5884b30a451a86cca43f57e@gmail.com,a3526436-016c-4cf5-b55c-360eaca35de8
cuiimtclaimantuser53748066b59f4b85a0cff38b85de1222@gmail.com,64d53765-89b5-48fc-9b9b-880fdfcefde0
cuiimtclaimantuser672cf54b07134e4a8b11da879a82771c@gmail.com,badfa3a3-5040-40a6-abfb-df36b25389f8
cuiimtclaimantusere34414d1610845fdae22bf98b54d8cab@gmail.com,61fddbbe-4a35-42e2-8a47-21d0bf04fade
cuiimtclaimantuser56650d12e5234d66922da91d7eb10cce@gmail.com,40916820-56e9-4440-95bf-c9775578dff7
cuiimtclaimantuser9d03e71b4d3646cb8b3491c692dfe717@gmail.com,98b48434-77d7-4df9-9376-16ee9aba3138
cuiimtclaimantuserf43a0e73434d45d58ac1645aa700770b@gmail.com,2ea17d3b-6547-4fa9-ac99-efa0432ff484
cuiimtclaimantuser68bec56412b040b1a65f790431aec8a1@gmail.com,099d44c9-cc57-4a0e-afcc-d4e7ef24366d
cuiimtclaimantuser6cf2cedc177449ef9397fe865735b86c@gmail.com,97a7dca5-2b65-4f1f-a0e8-bd387e2fa53a
cuiimtclaimantuser9d6b6d881dd44e029edefa6ede55f34d@gmail.com,a8ceb45e-f5f5-4c58-aa25-d0032d3aaaeb
cuiimtclaimantuserd8a6a84ca25746679e760652466ad55c@gmail.com,19eed302-99c4-4afd-9d55-3c28862438da
cuiimtclaimantuserc3245270e52641b68e490dadc835975a@gmail.com,0b9a64c8-b843-470c-96ba-4baa27383166
cuiimtclaimantuser715bdb323dae46e9bc56edfeb5282fdf@gmail.com,a58e0435-cddc-4f45-84c6-5679b7703d80
cuiimtclaimantuserf1fe35c28d124bd0acc704140449f382@gmail.com,5881d9c0-c1e6-452d-bf24-e3b459193e9a
cuiimtclaimantuser4cf08472d9fb4244b8ee6e2e6b8d4fc4@gmail.com,05d28a84-cd38-4546-994c-de0d05dcbafd
cuiimtclaimantuser698a73f95cf44ebf957cc0e7441f1b4a@gmail.com,fbd0d273-f2b4-4690-b0a5-5f339eba425b
cuiimtclaimantuser922509d244a04050bb52a63bae2697b2@gmail.com,057ba882-e632-45fe-bb9b-c4cea43a36e6
cuiimtclaimantuser478b6fabff8049fd9e1a3968e7f01029@gmail.com,ee1380c4-62a9-4409-86ed-e5b04af8db03
cuiimtclaimantuser312b7eb61d3d4ab49a1f74736d35e5c1@gmail.com,1ef56988-bd85-409a-92b5-a4f41529fb7f
cuiimtclaimantuser76ebc6531a18478ab81b23b488072ba0@gmail.com,8393c400-7ff5-49cc-b866-a1c5dd301aaa
cuiimtclaimantuser39bda1a2c74642ed818dac55de18544d@gmail.com,b131b66e-c4c0-45ce-bbdf-3dd3e41cd8de
cuiimtclaimantuserea00f83f3553476fa5654bcdf75a693f@gmail.com,7535e658-ef5f-44f1-b488-f26bf751796b
cuiimtclaimantusere76b306dbeef445e8a3727d9837853a1@gmail.com,2544f1ce-9456-4f07-9332-c7c2fe62323d
cuiimtclaimantusere29734c1b37f432984bb5a7ad143274e@gmail.com,abdf0900-e18e-4be9-bcb3-ff7d8a1ae38a
cuiimtclaimantuser94619e5a096d452788dc22550490bf62@gmail.com,bd7106bd-39bb-4908-b3b8-90541cf01f22
cuiimtclaimantusere069bbc9602341db8ff86786fc6fbfb1@gmail.com,0a3870e3-89ea-4628-a5f1-841d4a0a3bd6
cuiimtclaimantuser5123b03d670c4508aef11bd114c542b8@gmail.com,4de6824f-a17e-442c-bba5-0f93723d3145
cuiimtclaimantuser9dca3738fef84494825cde8d572c77d0@gmail.com,ab6f7b81-75d7-4f59-963e-e62a1a3c965f
cuiimtclaimantuser182b6541ef0f435cb57ca46ffd030036@gmail.com,775cb45c-2dc1-42f2-a897-1885bee21f96
cuiimtclaimantusera003f905c6d24a809dfa8e210f7241bb@gmail.com,3448958c-e86b-4b9d-881c-684ce43123a3
cuiimtclaimantuser71567ddcd1064be794788bbd64fc7bb8@gmail.com,97eb2309-0bb0-4fe7-93aa-4631e5e220c0
cuiimtclaimantuser4aea839d104e49208d3f106365e8c8ab@gmail.com,906395c9-55de-4ef9-976c-0550070a7fcc
cuiimtclaimantuserd054f2b7f6ab48ff8a0a18b78918f22d@gmail.com,4eaf6106-1a53-4eb7-be81-c77039fbcdf1
cuiimtclaimantuserf0ab7c76a8e642a998f31895b1b3fb87@gmail.com,a452eb3b-5433-4736-aeef-825bb529c7b2
cuiimtclaimantuserbf3c3a8a8edc429d9979732ecf399132@gmail.com,f0b7867a-edd0-4a14-9580-aefc12676087
cuiimtclaimantuser24eb821102b8421c887622b14a6268e1@gmail.com,394a3814-02b7-49be-af1e-a10bca756f3d
cuiimtclaimantuserd603d838f66f4838886451b8d1638e60@gmail.com,c503e4e3-d5bd-4166-99f7-1b3fc7b3c592
cuiimtclaimantuser823e3accd6b0499ea228392b45a05319@gmail.com,a06448d5-65eb-4dc6-98b8-dd5334c31c2f
cuiimtclaimantuser6a66c41135074dc4b521721a4fc1bcb9@gmail.com,ef2e9a3b-a80e-4876-b7c5-a1c8d61186da
cuiimtclaimantuserd8f62604ddff489e91b38ef17f79f27a@gmail.com,b094b7d9-dae7-480c-bc53-d3092c08ad74
cuiimtclaimantuser8bdd5f908f234264afcd1ea96cd1d341@gmail.com,35f8834a-b77f-49a3-86a4-2054289915c9
cuiimtclaimantuser21bce019f3884158a0fc53c75bd84155@gmail.com,f2f97d4b-0425-44f9-aac2-57230ec1d7b9
cuiimtclaimantuser4c4414a191cf42f3ab0b36f095236062@gmail.com,5b515fe3-3310-4968-a707-808a651a63ef
cuiimtclaimantuser338c191aa60e48638f836efc439cab26@gmail.com,aef330e0-e1b3-40b5-879e-3c2de4d14ff2
cuiimtclaimantuser2307fa966d364cd9a55512487ea58962@gmail.com,7dc31ecb-aa0b-4451-b21d-e277ca6445e0
cuiimtclaimantuser73983bd9692246e3be661c83e536f8b7@gmail.com,86727d42-bf61-4243-a08e-2c362b053a86
cuiimtclaimantuserc89b9cbad5974a22ab70373cba94eaef@gmail.com,9242caf4-6ee6-4cdb-8cc6-5939702db922
cuiimtclaimantuserd5e2ac52d5b64c3fbf3149d617dbe081@gmail.com,5c376ae9-4465-4a93-a12a-2ac7146704d4
cuiimtclaimantuser09afb863f9a5442f80cfadc81cf271e1@gmail.com,05fd9042-6e7d-4e15-8879-b7ea83328e0f
cuiimtclaimantuseraf31064a1d854d52baeaeff66744fa94@gmail.com,7249ad67-6632-4d50-b24d-027146b44ea2
cuiimtclaimantuser49c7b4e5c9bc475ab57790d5386a952d@gmail.com,5a80ac5c-ef5c-4514-aaf2-d91321fa377f
cuiimtclaimantuser20e0fcae472c4cffb2fbc2eccba7f63d@gmail.com,08e8ff20-8f55-4ea3-91fb-83bad6345e0c
cuiimtclaimantusercfffe96f78ce49629acfd5c189e6c7b8@gmail.com,ec468784-27f0-4a73-93d9-7e736da8d993
cuiimtclaimantusere561fd1f05e048c7b63ff20e2f3fe698@gmail.com,ad261553-3c5b-4b59-893d-121660e2c7a4
cuiimtclaimantusere3ccb6f2261744f0b501778dcdff2685@gmail.com,317e747a-db43-444c-8a8f-87ad199b2d0e
cuiimtclaimantusera22d70f5ddb3463b9909476d2b8ed643@gmail.com,9addac95-2306-4e83-9235-27b9cd80fcaf
cuiimtclaimantuser7bbedd557d324ea1ab997049cc362be0@gmail.com,a6186f69-5777-4b59-af9d-aae908b4e911
cuiimtclaimantuserdee885d04f104b4fb0289b8e6fc86c18@gmail.com,c7d15271-80de-4d70-9f89-ab4b5e12de4c
cuiimtclaimantuseraaa23aa828aa4e05897f01e0cd18a139@gmail.com,4a1dddfd-c24e-4e10-ab5f-6b3ff2ac9b86
cuiimtclaimantuserd03d598b304847f3a472dfa088d176dc@gmail.com,016beae0-7096-4ef5-83f3-201f6a81c4b5
cuiimtclaimantuserd8fc3090d8de464883bb7afe40069727@gmail.com,a5726346-523e-4c45-8bfe-69193effc31d
cuiimtclaimantuser68f2f8dfbca048a3b3c62958edfc4ae5@gmail.com,4de1af9a-7449-4c44-a57e-4e862f565afd
cuiimtclaimantuser2e63f4e6c0f2486489d5b9fa07b4480a@gmail.com,3593d2b9-5559-47ab-b10f-dc2289e9f4d8
cuiimtclaimantuserde22d08cd10c4d0c9f21f8d1d99e83b2@gmail.com,20bdfa04-29bf-4b60-9754-09108224dfb9
cuiimtclaimantuserad6ac127bfb84c05acd506f4b5651d16@gmail.com,875c55d6-1a14-42b2-a56b-d0d251089d66
cuiimtclaimantuser833cc92ad84745fcb7b413a8e83cbc8d@gmail.com,24004768-ebcd-473b-a71f-be4db867a209
cuiimtclaimantuserad84e5cdf1554bdb8dd33ca10a30c0fc@gmail.com,dc0ba5d9-58e5-468d-8fd9-fa59837d4add
cuiimtclaimantuser1b6672a2d3fd42108deb510f7e37355b@gmail.com,3800b2c2-805a-4506-9e34-0ac25e26873e
cuiimtclaimantuser06e1d68101774e2e93e2886c5c25343f@gmail.com,644e364c-f04a-4dcd-b750-ed0af3826a52
cuiimtclaimantuser3c5928a9aeba4db781783006986ea905@gmail.com,02b24a59-c1b1-4477-bd45-456ec1587ebd
cuiimtclaimantuser3617876dac1c49e89dac2b3fa53f0960@gmail.com,43f736f6-80e5-4fcb-88f9-8dcd5b2c791b
cuiimtclaimantuser2ce8f5e50fb54267acf80185c08958c6@gmail.com,fb813c46-3f5d-4342-aa2f-202c2424b8f2
cuiimtclaimantuser1a3343eb0a8343c388fff0cc54495fde@gmail.com,c494371c-d8e4-4283-9427-30b42b4fe61f
cuiimtclaimantuser7494293da3b04357a5f861650240131b@gmail.com,77a48eed-037e-4516-9314-10d3f335d249
cuiimtclaimantuser6e601d09224a4ebf85b0a11d9932bc0a@gmail.com,af3b4f05-0440-490e-a51f-98f0f8035ef0
cuiimtclaimantuserf5b905a924fb43059f80f6ca93722544@gmail.com,9e583e58-54dd-4cdf-9ef0-5ff8fcbb2409
cuiimtclaimantuser1e2a49815f694c2ea3ab6d6ccb2dc2eb@gmail.com,e07cb5f0-b0a9-40d8-ac1c-bf7bb84bc141
cuiimtclaimantuserb8faad5f372547a1abd5700dba10447b@gmail.com,ff3c86cd-74a3-4fbd-b6f3-281e001d398b
cuiimtclaimantuser958ee7ae571e4314b0d12f726cb3c795@gmail.com,ef8e625a-bfe5-4c06-a88d-d5eba7d9010a
cuiimtclaimantuser8a994d9907ef4a3fae5b7c18f97b1a4d@gmail.com,8282671a-8d85-4735-bd6d-e2b104a7deec
cuiimtclaimantuser3f8f084343624a1e9b1dbd6823d349d9@gmail.com,e9d5b23b-49e6-4bd8-9c17-f4cb22c77140
cuiimtclaimantusera4ea5c5419cc4673b894d46809db2341@gmail.com,0c1971c9-c119-4dcb-9d08-30d68b9e5c26
cuiimtclaimantuserc8075ffff7dd4b0db596d8a052078aa5@gmail.com,380fa630-504b-4848-978f-71693d96fe26
cuiimtclaimantuser62d0acbc0c9b45fcad3c26fbfef50c36@gmail.com,d1232076-deb4-4963-b602-d2a07fd3cfa8
cuiimtclaimantuser3016d56f4c96432b919df1853c2e9a0c@gmail.com,8e8c9794-53f5-4171-adb0-d9a2b836decb
cuiimtclaimantuser06c24a4cf1ce4e1c9574dd8aa19f6295@gmail.com,813e750b-c9a7-4c46-b57b-8a659fd9b0a8
cuiimtclaimantuser182ac72f55d54c18b122d86f557db5cd@gmail.com,720d237d-ae69-4121-9fe6-2e4ed5a197f3
cuiimtclaimantuser3d75e4436afc4c999698e141f2f84f8c@gmail.com,09d9cc2d-8ae6-4388-94d5-362d45ce54a7
cuiimtclaimantuser7c518b6bd7634992a7fc34aa13d758fc@gmail.com,b751bcc7-9a57-49b6-81bb-89f97600b909
cuiimtclaimantuserc95c9136308c41ed80d2babb7fb00366@gmail.com,b95bf4da-183b-4e0f-a484-dd79e9307d32
cuiimtclaimantuserb66e5af6047a41558f347971976e6083@gmail.com,532b65e8-047c-4b57-bde9-fc98f32b0a34
cuiimtclaimantuser1e5a6bb1a1e74cd5b3ee8c59595418d3@gmail.com,2b491e0d-0d48-480c-8533-d645fb9c9527
cuiimtclaimantuserbacfd7a927bd4b94b77690b1286b679e@gmail.com,7a4d9d7a-b916-462e-baef-31e9334e78bb
cuiimtclaimantusercead0ee85f634345ba78e17b4f7da35f@gmail.com,b1e61bd3-d4a8-4515-8347-13ce21a4a410
cuiimtclaimantuserb70035a8b15941cf98978ae2b3ae006e@gmail.com,708433e3-717a-4963-8ff3-ab3b7bfd9557
cuiimtclaimantuserd8262dd91c5a41db9df6eb7c5f3258c3@gmail.com,e2c3c2f1-ca4a-4ec6-bc6f-ac32feb245ee
cuiimtclaimantuser06321576af9e4a71a3877932313812be@gmail.com,15bb018a-ddbe-438d-8ecd-c2a32b83bbd6
cuiimtclaimantuser644e37d994d941da8618f49551b1d39b@gmail.com,81e25d66-9b3e-4be3-848b-c005085dcbec
cuiimtclaimantuser38a3b2b1cccb4b8c81e013844c2b5de8@gmail.com,60ab3e1c-a173-4870-bad1-e8f32e60a6ab
cuiimtclaimantuser3ed133ef1e744f05aeafd7411b850a7b@gmail.com,4bbf5982-5476-4751-bed3-f8d268c836a3
cuiimtclaimantuser351b2aa6d50e4a519c092c1a897950b4@gmail.com,aa7f86ad-35c3-427f-83cf-7e6830edd550
cuiimtclaimantuserc1e291d9ef73497686b53d1248911703@gmail.com,45ee6380-ffcf-47da-9aae-2b4821c85cf8
cuiimtclaimantusera75a61f97b9d453d9eff4e3af73802a3@gmail.com,cf2b737e-010d-454f-8e1a-c744b7123b15
cuiimtclaimantuser0f1bbcc8c9b14a70ab67581eda4e460c@gmail.com,57f14b21-5b84-4fa3-b8ca-b187739c7c12
cuiimtclaimantuser598d913f3b234134a514dce86b5750f9@gmail.com,f4ef9e58-1fed-44bc-81db-062eeb5668e6
cuiimtclaimantuserf1743cf6190d4a4ebcb215bc7546ba12@gmail.com,5197f672-513d-4add-bac1-392aca0bec09
cuiimtclaimantuser6fbcca3df58845d98090c1eb1fa03b95@gmail.com,c50c4c4b-0f0d-4c82-bedd-f5c33905563b
cuiimtclaimantusere75785c8f21f4bc886822efa53c40988@gmail.com,4415f92e-a572-4c2f-a0be-e1216b847c2b
cuiimtclaimantuserbca52e30b09f4925b7ff2bd31cf0ef5e@gmail.com,200eca01-251a-413b-9915-f92d70529bb3
cuiimtclaimantuserdcd29dcb75af485ab5626f1c60af26f8@gmail.com,27422167-7b58-4cfc-83d4-a4f36ba115b6
cuiimtclaimantuser923f797833e84ad1a6105297bf4149c7@gmail.com,af422261-6f11-4bdd-bef0-733f10b315b6
cuiimtclaimantuser7975ad5f22134ce9a4a36bcc5cc07444@gmail.com,1a1bb586-254e-4f96-a5a2-a382851a56b0
cuiimtclaimantusera02d377b7b564e868bf0cf1dabc52fb5@gmail.com,b398a51e-7bc1-46d1-9805-dec57fc01e37
cuiimtclaimantuserbc6a0fc208384072a7eef23786449b1b@gmail.com,17a24c51-7109-4251-87ed-1414eadb2583
cuiimtclaimantuser72350bb2461942debe060af434f90132@gmail.com,27a5efe5-4f26-4be5-80e4-965ea86a5cd3
cuiimtclaimantuserfe7c73b36c12416ebac10af11c499042@gmail.com,72ac5979-c13c-45c7-84b1-2a272b1d510d
cuiimtclaimantuseree0ca408f74d4f7096242af5277f7895@gmail.com,13d5fefe-3b25-4e80-9960-f782bc3ecb71
cuiimtclaimantuser5ecfc09fab274cb486fb52efe02939ad@gmail.com,06e5fa2c-2246-4219-8701-0238cda1ac0d
cuiimtclaimantuser61ed474d48b343f59fb1bcfc876810ff@gmail.com,3ff7931a-c52b-4411-ad78-df431bdc2b2b
cuiimtclaimantusercb8ed7eddaaf41f8bc13cc7398fc6fc3@gmail.com,a89b33cc-2692-4502-9811-ba713e1a659c
cuiimtclaimantusera9384411f39d4ab5b46aa4d88ff42c3f@gmail.com,abe49bd7-7242-4363-83ab-c918daa4832f
cuiimtclaimantuser28bff51b9b1e40228a8e6230d4d11d5c@gmail.com,7042cd83-3899-46d3-994a-709b3ff5d51d
cuiimtclaimantuserd0cd9f39312747bf95180982963797c1@gmail.com,1205e6a1-86af-4c20-acb8-4bd767506436
cuiimtclaimantuser4be403ccbf0f402492d0a67f80d41742@gmail.com,55733138-c505-4f37-8980-d60585ed26fa
cuiimtclaimantuser67f236e313de42f4b5d6d55cf597c267@gmail.com,364fe720-5a14-45dc-b196-7d95e22b931f
cuiimtclaimantuser8f26789bd39b4acfa3d23ce50bf0f743@gmail.com,3fbcbe2a-0fb0-4a2a-b5fc-e66bb978f7bd
cuiimtclaimantuser3a0452ca23ff414b8139cedee41d4ff4@gmail.com,ca64d8d8-fbe8-4572-9004-1f130ad63d4b
cuiimtclaimantuser8c4b28c57b8944bda10d2afdfde9c7f7@gmail.com,4fa98a6c-423a-4266-b245-61487b82c822
cuiimtclaimantuser4b345be58c6b40bfa58c76fefd1895cc@gmail.com,69827a2c-a5a5-4a61-b146-dde0247e06ab
cuiimtclaimantuser375368ef71644aaab098ee213929617d@gmail.com,8dbdc1a4-ee48-4908-a7cd-2986bd48cb86
cuiimtclaimantusera86c64689f694d508c7a80438294584e@gmail.com,b2cd81fe-e861-4337-90b1-c6ee597a598e
cuiimtclaimantuserb14c039fd5514d188e123f0baf47bf12@gmail.com,54a650a7-1830-4da9-8a0d-e60278aa0473
cuiimtclaimantuserca2ffdb90f1444c2a41f0ba0394e5734@gmail.com,8cfe7f18-0844-4985-8987-1ef161dace62
cuiimtclaimantuser3994e57bd99144b2b61753b9355bfdac@gmail.com,1222dc40-16dc-42f4-8733-69cfd79c1d6f
cuiimtclaimantuser6c2577cf97bb4be4ba354880bdabfc2e@gmail.com,d96d4aa0-beee-4706-a478-de215c592d28
cuiimtclaimantuser646c609df77240b69cd79a6bd59e33c3@gmail.com,080b6bcc-8e7a-4071-a383-e77a2e5b26b9
cuiimtclaimantuserb4c343095dd245cdaf99c426d7a88956@gmail.com,c7c8034a-1b9b-4c4f-8ac0-b8f62de20d23
cuiimtclaimantuser71b9174ca1a948909ba08513a3d8262f@gmail.com,16e30383-f374-422c-9184-6bfb30b83704
cuiimtclaimantuser1168d77ae88c462799b57d37d1776a9e@gmail.com,19f995e7-94c4-4732-b13a-2ec1c746c7a1
cuiimtclaimantuser17412facc432474eb62b7c1ffa981228@gmail.com,9c8b3878-cc6f-4b49-a83e-7abfea50049c
cuiimtclaimantusere114a1b548f94eddb0b4a791afcd9343@gmail.com,48d363f8-92d1-4701-aaa0-e8ccb43582eb
cuiimtclaimantuserf3bc863c454c411395b3433c051f2bba@gmail.com,50220ffc-4119-4490-b86f-36f84e99d81b
cuiimtclaimantuserd33b2887869245fa80dc8697554aaabb@gmail.com,8d2f58be-af28-4f56-af14-7e3bd9d3f4eb
cuiimtclaimantuserc08b6b39aaff49b6b08d340992d910cb@gmail.com,3409dfc9-93ad-4f3a-bc32-54522d2e8feb
cuiimtclaimantuser3c45e5d8f5834b79a2f65e8e7922ce7a@gmail.com,4589d734-6758-4031-9073-450b75fbba66
cuiimtclaimantuserc9fb9573269540a8a36f5cd5b8014a81@gmail.com,a1a0413f-745d-426a-b349-213de8bfb6f7
cuiimtclaimantuser1a996f4e25524d428d991a41ee64677d@gmail.com,ec2c7647-6fd0-40cf-a2a9-141047916197
cuiimtclaimantuser0ef582448acc41d5a27bca81147f582f@gmail.com,2c114b13-d118-4cc7-b5fb-c10f072701c6
cuiimtclaimantuser67a83f078598418c8a712963fe0e1de9@gmail.com,5de9dca5-aa56-4ff8-84c4-072eaddd8971
cuiimtclaimantuser7d37e2b40d8f402eb8a32dcdd5b86aa8@gmail.com,ecae90b8-0490-4fa8-a62d-bcc315e77893
cuiimtclaimantuserbeb2645add394642b829dd59bdf55936@gmail.com,7825c92f-aafc-4e0a-994d-86fa37c0f27a
cuiimtclaimantusere39eec2bb3794a47a068c01f1d876ca7@gmail.com,da47a35c-878a-4892-b35c-ddec8c82ac41
cuiimtclaimantuser02c4be6977904871b7f18996a430c7be@gmail.com,3cbb7396-4e92-4673-9ab9-20d9ac28064a
cuiimtclaimantuser3d6f50f886e74517ba599eabcbcec5e5@gmail.com,41936954-d64f-4ed7-a628-eb0f3dfdf0d3
cuiimtclaimantuserf9e402fa24ac439d8b8639a38374c9fd@gmail.com,66d059cc-fed8-47d3-87f2-c5a249acb9a9
cuiimtclaimantuser1bc7f56f538a46d0bee5d7fc31ca83e8@gmail.com,fd399816-788e-4c25-9fe8-96b7a4252fa5
cuiimtclaimantusera57ab5bad85a4773be98a2b0ce96f4c9@gmail.com,770bdff9-162f-42ad-857f-494a8373fea8
cuiimtclaimantuser8a385645bb304a89ac57c89a34ba4c95@gmail.com,2e84e033-aafe-48b9-9b75-25a2f6ad4485
cuiimtclaimantuser4ea0976b31134229b6a63c1fd608d988@gmail.com,aabaf51d-ec6f-4929-960e-274ffd23c397
cuiimtclaimantuserde15877be9b54299b198a99f6f040c18@gmail.com,f1b5ef27-d7e4-4d95-9b3a-743aa9966762
cuiimtclaimantuser2bb4480ef9874a849651f4a819dc8919@gmail.com,72125a1e-017c-4ae1-8d3d-2122446e066d
cuiimtclaimantuser0827d7682ef54b06a619e31485fd9e51@gmail.com,f7bbd607-5b47-4a48-836d-4ab112e38dcc
cuiimtclaimantuserf3384608221e42a3978847def9570445@gmail.com,2e3ec344-5543-4cb2-b797-3fa4fe8b7628
cuiimtclaimantuserf505371929d8400ba21027637cea9162@gmail.com,b3d4df19-db8c-4c80-8fa7-a5b0f1d9da6a
cuiimtclaimantuser3c824997d75f416ba34d9d85c28de521@gmail.com,7dc5f0ea-05e0-4a16-befd-feda6cf4fb84
cuiimtclaimantusera1cce56c67de43ba84b160610bcf5559@gmail.com,28837859-4860-4a1a-98f1-e1da61f748b8
cuiimtclaimantuser6011691351bc4d218da1fb02cc2dc943@gmail.com,066ac16a-d8dc-4e1f-9a7d-c94810175de5
cuiimtclaimantuserccb72cd994624a5aba5e0d7b5cd01ee1@gmail.com,c030cccc-995f-40d1-a3f5-e96923a1c1ee
cuiimtclaimantuser5d3b8b4f968e4a559de00cfd6142f91c@gmail.com,9df37702-2c5f-4462-8fcf-1281e491e61a
cuiimtclaimantuserd27f78452dc84484a0eb93b248628f96@gmail.com,1aafa27d-0d31-4a32-862b-6696990c6eb8
cuiimtclaimantuserb50c58a498474c8d8133917de5d0bfab@gmail.com,6497e3e8-da1d-4603-bbf5-a58bb47a0b79
cuiimtclaimantuser72f09512f291407899ea6e9dc191d9a2@gmail.com,9174b553-5b3e-47e3-b5ac-baf87303c619
cuiimtclaimantuser296afc4c68174cfe8a40e57846ba3913@gmail.com,bb1505d4-0ce2-4eea-b033-165d6469ac0b
cuiimtclaimantuserd5b695fee798459c9bf272f933187104@gmail.com,1441e4eb-e87b-4b7c-8112-dca954e605eb
cuiimtclaimantuser68119013fe324a79b2f655797ee2845a@gmail.com,1cbbc72a-9395-4bbe-9c26-025809908bce
cuiimtclaimantuserac571581e8bd4c4483bd845029338bc3@gmail.com,d77f5def-b622-4a3b-8c20-b063ca5702db
cuiimtclaimantuserf69084d856c94ee5bef9b3b4f9921a11@gmail.com,476eef27-28fd-4b99-b92e-7d56c98c9298
cuiimtclaimantuserc3f4da45601f430381b597e00f002106@gmail.com,2a1f6f4c-d0a2-415d-bc41-23e088d19891
cuiimtclaimantuser5c5f2ec2c3b74a568e646a017f9134f0@gmail.com,8b3cfd97-a113-471e-b872-f6aac25f880d
cuiimtclaimantuser91daa07b7cd2449fa097b901cad7dd3c@gmail.com,da062799-df37-4e79-ae1b-2cd6568e48a1
cuiimtclaimantuser77d1420b360b4e1e88ccdeefda215350@gmail.com,9b02d428-f7bd-459c-902d-d5a4194970d9
cuiimtclaimantuser2a6e70701c6d412292dbc1e8a8fcdf6c@gmail.com,245b0063-d9cd-4f19-9072-e76aee8c2852
cuiimtclaimantuser8f9b84206cea4dd68b7ad5737a088b04@gmail.com,63dcf58a-bd17-40a5-b576-b2ff14827fcd
cuiimtclaimantuserc4d379524560412f833cad761482609a@gmail.com,00bc5454-d202-4094-a966-a8393a3e1131
cuiimtclaimantuser1e849402f4b24b9d848ca00b54e7694a@gmail.com,0b6ca7c1-37e4-403c-974d-0da3faa0ffaa
cuiimtclaimantuserc7dd0d1188534bacbcdf137b0772c6c1@gmail.com,9506bf1f-5b0e-45e1-9346-bdfa3e281e28
cuiimtclaimantuser7970039d90454b07a5bbfaf91335cf02@gmail.com,665a6c16-edab-47d6-9b8f-948b2940d34f
cuiimtclaimantuser86cb642d6a964a15bc496daf663d57bd@gmail.com,5568fe77-1d0b-4eb7-ac0d-dffab8c07ac8
cuiimtclaimantuserea2c5287671b40a99fa7b2439eecb0d3@gmail.com,2664cedc-405c-49a5-86a2-e10170c617b8
cuiimtclaimantuser76b876fe350f4052beb41b6ac2c4d605@gmail.com,a1b2627b-22a6-41e1-b134-0af710e82d95
cuiimtclaimantuser4a0a2a5adc884aa4aee6db002dcb1890@gmail.com,fca1cb47-0f5c-469b-81c9-792894941123
cuiimtclaimantuser5a3c1eef3e1a41639d0a4d3b1c52d367@gmail.com,f1946174-9bbc-44fe-b002-fe19d2f5b2c0
cuiimtclaimantuser898a997b665c4738a08478a7e72dcb7c@gmail.com,fce863b6-838b-45df-aee0-f07febb316df
cuiimtclaimantuserefaa70d44769454a886844c83837fc8c@gmail.com,cb72b527-f20e-4d02-bd78-a0fb7b84471c
cuiimtclaimantuser49e4696218a04d74a4c99fad9609296c@gmail.com,d3a1dbed-5a0d-4776-92e9-cda49ee651cd
cuiimtclaimantuserba896820dbfc4b92ae7983369038a0d2@gmail.com,20ce9307-5ff6-4b14-b554-36f125294c2e
cuiimtclaimantuser1d72ec5483ca4ba882ec81f0ce193fe1@gmail.com,ed841aff-1ff2-412e-8f33-862464bc5db1
cuiimtclaimantusere1227a64b9b14f61a3fb9080050e5833@gmail.com,af952fb2-0589-448a-9e72-d71a99284d77
cuiimtclaimantuser202637cd6c7943a3bbec59714a931580@gmail.com,57eb4d04-f76f-418f-8129-a372230a8200
cuiimtclaimantuser601411553db449f0814df6cf7045a28f@gmail.com,d735ceef-642f-4ac8-827b-369bc00e3a03
cuiimtclaimantuser773aec946aeb4f4997904d7eb0ac6174@gmail.com,c5931580-97f2-44ed-9906-3aece7a7d008
cuiimtclaimantuser8b244eda2acc4617b02b3211f2d52ca2@gmail.com,21ad50af-40ec-4ef1-8f72-dbebcb20f6eb
cuiimtclaimantuser87d5f92f1bbb483b8df69cc3b5319e99@gmail.com,23ad5e80-ae6e-4bc6-8615-71c4d482178f
cuiimtclaimantuserad0a841cc06c4a55b31f0a1e1cf9171e@gmail.com,9f3bab28-0fda-4fa5-8a17-d3ed3c5f762a
cuiimtclaimantuserb7f9a9a2519e48e5885baf6f2e857170@gmail.com,68d644ab-4d73-4edb-a8d7-22929b532119
cuiimtclaimantuser07e5773220d8453ca3d12c090fc8c244@gmail.com,f741ebf3-489f-4f66-a336-7adf2a7e1c32
cuiimtclaimantuserb9a7b47cdff949a7b688017b3c080572@gmail.com,20b4e4df-27b4-40db-b64b-ada8e7dda1dc
cuiimtclaimantuser4ac826b64bb245268cbfbd29a73e270b@gmail.com,f0a7fe32-5688-4271-bfc4-1cce6d6e8e18
cuiimtclaimantuserfc0a0a36e393479482d7e5b0f0ae0d25@gmail.com,3d447b19-543e-42af-bf17-58f473a52667
cuiimtclaimantuserafc013e3730d4d81ad742daaffc62f39@gmail.com,31fdd969-4fc7-428d-b2c0-f15134817820
cuiimtclaimantuserbde63487d77246d2bbb972b3d294e4f8@gmail.com,f5e1016e-6520-4800-a1a3-65584fbf9125
cuiimtclaimantuser006ee422472846329c895433ad6fa692@gmail.com,b3193951-3e39-4fc8-8d79-c5a7087f6fa0
cuiimtclaimantuserd5d5017917b34c7cad314645201e0882@gmail.com,8610336b-ea7e-4220-b6b8-2646566aa24d
cuiimtclaimantusera436fd6ad8af4de7b0cf7ef71f709520@gmail.com,1508f316-0cea-478c-be8d-cbbb504caad3
cuiimtclaimantuser5c972f16b46b41d39aa7f63bbb838622@gmail.com,0617ef97-cc36-4b08-9c48-09814373673e
cuiimtclaimantuserc99b4b1a3b2a4ccd947d431cb4a16ca0@gmail.com,b087c0b3-f230-4304-b064-5d5a19c07353
cuiimtclaimantuser0edb775bc58d48f2905be45aef7ddb79@gmail.com,3009b190-10cf-4648-8766-50cd8e27d77d
cuiimtclaimantuser94c55a2058614a65bbae772a9aac290c@gmail.com,b4b2a540-1f09-45f9-92c1-a5fad8433828
cuiimtclaimantuser96292ad7f5d940ff941ae30a7ed09e89@gmail.com,d211c939-ebe3-40c7-8876-a8c3b551cb0e
cuiimtclaimantuser1d3c981f343f4311bfe0f8aca496d639@gmail.com,be932f9b-7343-42a3-a79d-c083fe7538ab
cuiimtclaimantuser88df307b6d3a4928aa722448ae786d01@gmail.com,55dcb9c5-833f-4b33-b9d1-51125f8a343a
cuiimtclaimantuser692de2523b194a028b389f263704ac14@gmail.com,ccbf6c7d-1d3b-43ac-9cc8-5e2665c86b72
cuiimtclaimantuser838a55c8d15b440aa1d4e6c3cdc663bb@gmail.com,10e8191d-0a93-41ab-bc14-6ae487fd7a8d
cuiimtclaimantuser9614ced5eb0a4ca29023fb5386ab25cc@gmail.com,4e572b0c-092a-40ff-8b83-3c0b96d842d3
cuiimtclaimantuser7d014f21093144369a00a706a7c56301@gmail.com,ddc8d038-e37b-49aa-844e-75722e19b9bb
cuiimtclaimantuserabef5c6d5c624920bbee29897777c66d@gmail.com,c0fe57ee-fdf9-420c-8ddb-07047fe5a62a
cuiimtclaimantuser5196bff239464807ad56795db2685c81@gmail.com,f37585eb-49be-4f82-a997-de3b487a09bb
cuiimtclaimantusere7e8d1cdb55d440f80eab80217d3b645@gmail.com,02738c1d-1e8e-48ac-be84-68768c5f54e5
cuiimtclaimantusereb72d26262a94a98907039648aae5958@gmail.com,cb11744a-b7f5-4069-8aaa-154300f9330d
cuiimtclaimantuserd5a0c7d521194f9b8439d867a3c64111@gmail.com,7ca8e740-a01d-47e4-9f83-25f1281aa361
cuiimtclaimantuser3d894f6599da4283a62eeca7061d9ba6@gmail.com,3dd51c06-bb9d-42e2-9725-0dd52ee6f9b6
cuiimtclaimantuser6c3294e1eef541748c62bcf2aaf2a774@gmail.com,58b26ebd-078a-42bf-85c0-4f6db0cbd56d
cuiimtclaimantuser794392b4b05947b98a9762e9cf353f1f@gmail.com,e22b7fd1-4d97-459b-a1a2-3fc2ca5657a5
cuiimtclaimantuser5739478e46654fc69c33862952d4f01d@gmail.com,bc0a8384-3a06-4b83-bc6a-b7629874931e
cuiimtclaimantuseref24a854263a4296bd49719b786fec77@gmail.com,49ee3431-376b-4061-a74c-1371dde8fb79
cuiimtclaimantuserd45179c292fb45fca9efc08049221765@gmail.com,a3b0b208-f854-4b32-81e5-cb6e1ab0c5a1
cuiimtclaimantusere6eb6a648cab4acdb726c3fc7624bf63@gmail.com,a5de3974-cc37-43c5-a2fe-c5e74ce6db7b
cuiimtclaimantuserac606c01bcab4effbaf48ae50ee2bdcf@gmail.com,4d27f379-38dd-4be5-b998-31fbc3a0ae2a
cuiimtclaimantuser07dc4226406347b3b15009c9dd13102a@gmail.com,96c27294-7e0a-417b-be02-23dc4bd7a8c3
cuiimtclaimantuser07f610fe3099424d9472aeadb7d61c2f@gmail.com,fdec0f76-34c8-4550-8ead-346df05002cb
cuiimtclaimantuser6ba3e347a2a543d9854b19b879376bbe@gmail.com,232396a8-b74b-49a1-b11d-f221cf70d48e
cuiimtclaimantuserfaeaf90c9f2d4f6692129afe4ae60e98@gmail.com,0ca90ac5-5e16-4e2a-b7bd-1c363c88c673
cuiimtclaimantuser89ec1a48ffdf4e768455117db4b1db27@gmail.com,7115f7b1-d922-4daa-bbff-6fcadb02e5a7
cuiimtclaimantuser0d218ccd5deb4e6ca86bafb98de7db97@gmail.com,fc85b0fb-bffc-4940-8eac-ed296ca1ca9b
cuiimtclaimantuser722d7fc803514c8b9d61fcf8409db949@gmail.com,fbda44a9-8e55-4f41-a4ae-090744682ec8
cuiimtclaimantusere1904b63082441e6966894842d89357b@gmail.com,a8d68d3c-5bfa-483a-a65b-1632e136aee3
cuiimtclaimantuserb6bc13bae8d74c34a03d4c0bb65a26e2@gmail.com,a2c76c31-1de8-4609-b15f-49f7a3d58714
cuiimtclaimantuseraaa1c067effe412cb639eb7c3341d9e4@gmail.com,6ebd0654-93a2-498f-b07b-22ad3438247d
cuiimtclaimantuser240325ed1526443b9706f943fe7b12ce@gmail.com,8b1e350e-7405-4d06-a822-75a5eb94ed5e
cuiimtclaimantuser6f9bb4b8784341539de76c98091493af@gmail.com,8f2f9da3-954c-4577-a40c-6c13eacc510f
cuiimtclaimantuser48ad77f662e04cc2bf81abd3b27f8b6d@gmail.com,5c978ebc-9d52-44cd-8443-fb01f8bc4596
cuiimtclaimantuseref0435c00ba84db4bd6b76d3d6bdd874@gmail.com,66578290-d58f-4918-a2aa-58148b589308
cuiimtclaimantuser4229b1843c4546afa93ef00018707bde@gmail.com,084b6b9a-2753-4d2f-845e-713dfcab88ae
cuiimtclaimantuser9f8a78d68c4e4fe9be3e25a6e5f049b8@gmail.com,a81e58a1-be2d-48e9-a3b6-f08ab006a626
cuiimtclaimantuser777f93fd71f1431d8794660208ce84b7@gmail.com,b6a78b75-6cd0-4673-aead-c3897cf73793
cuiimtclaimantuser07fa9457c2944a8c8c03df40e897e4a3@gmail.com,98b65bfd-0095-4796-9741-6b7e2ce8cca5
cuiimtclaimantuser94850d3f6bc04dbaa1418616fd9f7e82@gmail.com,57db1b8f-061d-4ad7-aada-8e2cbc6fbf85
cuiimtclaimantuserce3c2656ec9c4da991890a0874d620bd@gmail.com,62489494-b571-4e42-b2b7-0b274fb8a802
cuiimtclaimantusera9ad891503334237bc1a4416e29f9c71@gmail.com,6d026b08-7fa7-46b5-b172-dff198916aa8
cuiimtclaimantuser5cad4c15993d4651968cf91fd2285d82@gmail.com,549a75ee-1b12-4ad2-a4de-9ff17d25fbb1
cuiimtclaimantuser91e674ed140a46818a6b26a29d60c4df@gmail.com,6ff6b6b8-0234-4151-acf1-164909e8d391
cuiimtclaimantuser6d37646f22c744b19308252cf076a897@gmail.com,241c99e0-8d1f-401d-bbb6-ffcccaefba11
cuiimtclaimantusered8d53a548f549cbaeace23a27b72bbd@gmail.com,9211bba5-9f9d-4db1-afc2-d1fbd8506c48
cuiimtclaimantuser54e7b7b127934e5583665908b62548c8@gmail.com,55349911-b27c-48f4-9e50-52fb409e7c96
cuiimtclaimantuser55cc468148d4446cbe3c75411f22c561@gmail.com,cf90bcc7-9f6f-45e2-9b1b-2be195f3edd0
cuiimtclaimantuser0943cc8ea01f47cf979c81e087b9eb2d@gmail.com,f129e3b5-dfae-4663-a31b-fff0849cc42a
cuiimtclaimantuser6fb5d26f57384933bfa0e8640e60b46c@gmail.com,12f9bf5f-a60c-4495-bd21-3b906b9c009d
cuiimtclaimantuser01bbd50c48154b35bfe9573e45d324c0@gmail.com,1f172ad0-0072-49f4-9c94-7bfd1223b30e
cuiimtclaimantusere7d013c8f423430d93c9a3edaa4a7cb1@gmail.com,2d196fdd-3ff9-4c50-93d6-39afbfe252a9
cuiimtclaimantuser2d5ba80cc82a47c8a294ac4b17e3b6e8@gmail.com,e585cdda-d074-4e2a-bc92-490d62083063
cuiimtclaimantuser762d5b04713a40b9a7a05cbda5359c45@gmail.com,c8935242-be5a-4403-8c3c-e34d51e344c6
cuiimtclaimantuser6fe3ca20faa544adb9256b7f0f2a86bd@gmail.com,48c4d49d-cb0c-4f14-b993-bcf7b4c4e6ee
cuiimtclaimantuserf7d7b1e9ab134676acd29a03ce8621af@gmail.com,7879f1b0-bf29-459c-9de6-96796e05f589
cuiimtclaimantuser34e8f4a206c4401db2d4d76bffc53335@gmail.com,80b15c80-743e-4a2d-9657-99c2f7a16ba7
cuiimtclaimantuserddbde7b67d2741ff937251721b739936@gmail.com,2838dc65-0405-42e5-949e-d3d3d246f212
cuiimtclaimantuserebcce3a20ba54538ba681854d7256ea8@gmail.com,935e20be-5c6e-4105-b3c8-87aba7a7936c
cuiimtclaimantuser64badf68184a4ca38bfd4f36e7c3f5f1@gmail.com,58ec28da-3df0-452e-b7e4-49eb96467238
cuiimtclaimantusere74e887d556b4d1b97b3b752579ec852@gmail.com,445babd1-ba83-4e28-ad7c-b9ce4d94c210
cuiimtclaimantusera1e1f95402524795a571bb410f83b949@gmail.com,422edab0-966d-4c30-b289-4a8429966225
cuiimtclaimantuser16cab5ef0ab34a06ae4025d64b6ba577@gmail.com,869391de-03f7-496c-bce9-7e90d4140a7b
cuiimtclaimantuserd531f2e5b04247c58fdeda95d95cddcc@gmail.com,e3bc8d24-5825-4226-aaeb-92f5c2711075
cuiimtclaimantuserd4f59ce3f47846f69b017647a5367b2b@gmail.com,1422e208-5334-4714-be73-dc649b96941e
cuiimtclaimantuserb8c210fa5ae24f83bf3e11c39b5e74ed@gmail.com,c03f1590-ff0f-4859-b7e4-92b51524f242
cuiimtclaimantusercf7aa6f188224c51bbe1124f905dc880@gmail.com,69bc9b99-527b-4aac-9674-7d7913b5ea7b
cuiimtclaimantusercfa67b3e4b3243caa4eee33626d0cd34@gmail.com,224d2487-13fc-4079-a3ff-73b61af6a4b0
cuiimtclaimantusereccb803ea3124d4f94c3eebf3f844b87@gmail.com,de34dd8f-d8db-44b7-8f5a-b349f0cfb131
cuiimtclaimantuser654c0da1859547edacaf1969452738b0@gmail.com,2c3ababd-d344-4ede-91f9-2d9d58a4bd59
cuiimtclaimantuser78c64415d4f545bcad03621e5f636b86@gmail.com,6c1f2399-f890-4cfe-9bf6-882422ab68ba
cuiimtclaimantuser656f8cf7688b42a1b1303173f6ecbfab@gmail.com,2244ca6a-21d2-47f9-a37b-6466795654f0
cuiimtclaimantuser4624fe4957a5436984d1de0e25926740@gmail.com,df41b082-e197-4ba1-a571-20ab68a51c55
cuiimtclaimantuser1aa3f77a513645b4b498bd474177fc30@gmail.com,59dfceb1-a365-4947-ac19-0a3bed8dfcad
cuiimtclaimantuserd124710749a94c5f84c12dd147f23c84@gmail.com,4be63c24-6f7e-4fee-b555-e8810e2ed9e5
cuiimtclaimantuser51a4beccc12c41109a691ec99eb7b161@gmail.com,ed6a484d-f0ec-455a-9359-47debcb9cd19
cuiimtclaimantuser7906cbda2db0479bb23d80abcd5b8d00@gmail.com,7b1bb130-cc63-417d-80fc-ecfd5ee65bec
cuiimtclaimantuser560e101eb6d742f5b8bda8bf8703081a@gmail.com,f171320e-1335-4d5a-9e90-1fc5e71fadd3
cuiimtclaimantuser1890edd7938e4e60881cf514031d13da@gmail.com,c92a6894-622e-4665-8843-bfd3384b19b8
cuiimtclaimantuser3c87d3f7e4604ff290f7ad4681a8bde2@gmail.com,29efb241-3b9b-4ac1-9415-14c28b926030
cuiimtclaimantuser9f2721a171544f89ad22702cf5ba1aca@gmail.com,39e37198-5d13-4013-9be1-98d511bd5b22
cuiimtclaimantuser9de93eeea6f645c0825b1b0098bc88cc@gmail.com,323a1a65-ea1f-4c01-9d2f-be5c0eedfde4
cuiimtclaimantuser83e60f0be0ff47959b56357edb2aea2c@gmail.com,8c08d2df-05bf-41d6-bc19-3655fa6f5d36
cuiimtclaimantuser8de436a4e01044e69de442bfdd26c5dd@gmail.com,ee76141b-ff0d-41a2-817e-3b1537e5b3a8
cuiimtclaimantuser2c70c719b2dc41c38016413efaffd5f2@gmail.com,f809abc9-1103-4398-a60d-eac667450034
cuiimtclaimantuser63fc4b6cd0b140a2a33d884667a59bd6@gmail.com,c347fac5-6564-4bee-b739-a447d8dfe5f5
cuiimtclaimantuser9b6c8c46399a47338ba84bce4e3bc9d0@gmail.com,c329e065-474f-4255-8b6b-2ea4c6861093
cuiimtclaimantuser918144d41a6e46df88dba2aeabebfa82@gmail.com,c43bdc6a-4f79-4041-afb2-9934ead5e35f
cuiimtclaimantuser6a6d9e10b0b34822821648d804cb5559@gmail.com,d2df5a06-bd48-4b24-96b7-52ca0e587f94
cuiimtclaimantuserb5831aa0b1134dfdb997b2bd2c5bc419@gmail.com,2e80fae7-74f4-4431-aeed-12ae2c465bfe
cuiimtclaimantuser1d20136de27846c38ce3a2c524aee7f0@gmail.com,3e29a287-5572-4274-9046-44bcbc80beeb
cuiimtclaimantuser56ffce37dc034b4f868c26deba6a71c2@gmail.com,8733e4f9-06f4-4d3f-8769-423d6d9a9783
cuiimtclaimantuser6c39aaad1062456a89318cca5c696c51@gmail.com,591547c3-26dc-4f2c-83c0-38301a07fd88
cuiimtclaimantuser41ebc6ac49ae473681b2d9e1aad94440@gmail.com,61ad2dfe-bd56-4638-bfc2-fcfe5441479f
cuiimtclaimantuser5a0ad96ef5534c1082bd4f8e081b0e8d@gmail.com,9d798cd5-3eda-4c06-9b4b-4b718f14155b
cuiimtclaimantuserb909d4998fd04d47aaa09e439f89a7f4@gmail.com,aaa30103-62f6-442e-9526-31ab9cdc66ec
cuiimtclaimantuseree8141e6560142f59422aba287126d38@gmail.com,d57f0978-acb3-40bb-ba75-6300209a60a5
cuiimtclaimantusercdf1cb53733e4ab8a5f80b600e98ed86@gmail.com,fb546464-448a-4562-bff4-007efab81f31
cuiimtclaimantuser31799f7b6f5b43bab1ef42ed9d99a18a@gmail.com,5c76b0b2-e526-4527-819b-2d91e62a5f3c
cuiimtclaimantuser502ac838b7554db4946d34277e031e87@gmail.com,e495beaf-7d7a-40ae-8f92-144fe6682d86
cuiimtclaimantuser92e5cff1a147480591b840ce7d4289c8@gmail.com,d804aca9-d62f-4f45-9ab5-ae320fb2bf5a
cuiimtclaimantusere89554a1fbf540279250e2ab57740a0c@gmail.com,d6522dad-a75c-4437-86fa-fec8bd88341c
cuiimtclaimantuser509ff90cb6e746169592368bb672bf84@gmail.com,d49593e4-9ee4-4ba2-ba32-7fc3f08c70bb
cuiimtclaimantuser2caf4b30358c458ebf71d7aa7cafd9b3@gmail.com,7973eb4d-eba9-40c4-bde0-a46746ec33ef
cuiimtclaimantusere60578b92e2c43fcab823d62a65c9fdf@gmail.com,738de12d-5da9-41a0-9842-733ed638c041
cuiimtclaimantuser879db03dc14a48099889bc0e00c80458@gmail.com,62b02e10-c221-4063-b24c-d668670b0bae
cuiimtclaimantuser6803f9879f9846f9a039c282fe87cac5@gmail.com,3df44341-fd66-4b94-9f87-f11fab9f6dbb
cuiimtclaimantuserdde03f5eea4449848d7c8dadc4afff8f@gmail.com,a21780ae-1bb8-430d-a170-ce83f65ffc2e
cuiimtclaimantuser9ba0447cda1844bbbadbb98bb58702e0@gmail.com,460da632-6b72-480d-a68e-c9f608444b46
cuiimtclaimantuser096531a29b3e42239c7b55d30273d0ed@gmail.com,4d443d71-a9cd-4486-8360-317e67bbc34f
cuiimtclaimantuser9766dd0e37e445f8889b13e17b7b6906@gmail.com,875980f8-1713-4c99-9c54-64621930306f
cuiimtclaimantuser55b7febdf29140b09ee59d57a69b4296@gmail.com,4128f9d5-8944-4560-a8b9-e7f96353522b
cuiimtclaimantuser4dc6e7e30b994a7f8977d832bff16b75@gmail.com,a700a4e8-2c9d-4b8e-b2e7-bd1b5ee22c62
cuiimtclaimantuser898a65c408f8474ca158f09ab4bc8b7b@gmail.com,c28242e4-0118-4121-a9a4-e631f77955e3
cuiimtclaimantuser3d1d1ad009f848a6a6fbb892e94e2e88@gmail.com,290c7c2d-a0fb-4e95-be42-411854f8cab0
cuiimtclaimantuserb262219d40af4286bc4a0e7b443dc8f3@gmail.com,2fe40ed9-891d-4cce-815f-10aaa23ba502
cuiimtclaimantuser2d99ba1916e9464db71a54f2fa996c5e@gmail.com,0bfd60e1-8259-47d3-8c72-a0b91d8bb102
cuiimtclaimantusere2040942ed854b56a862cf40aec67211@gmail.com,1a639e9d-9f1d-496c-b336-ae57122585d1
cuiimtclaimantusered50d703f80b4f80878ae127b017d692@gmail.com,0522447a-9e64-4194-b02a-5933862b746f
cuiimtclaimantuser81b3510fa4484e96a5dfab62cf5b2d70@gmail.com,9e9c911f-9e1a-4a01-91d3-87c34d45cb44
cuiimtclaimantuser2e5768d6fea349cbadcc6f5351d7f236@gmail.com,b17f0b5f-1f8a-4261-9a30-992c1484c756
cuiimtclaimantuser24c372601b334310b8cb7cde0caad59d@gmail.com,e58f6a47-a926-4f7c-99c7-322897534913
cuiimtclaimantuser89ecf8fd14814f0a8da7f99da913b50c@gmail.com,f2f730f5-ba20-4cef-b072-da7a0297e00f
cuiimtclaimantuser0b5956147b4e40eca21454cf9692a150@gmail.com,519763c6-ca72-4185-83f2-839b9622217d
cuiimtclaimantuser20856f38983b4fb89f700961a80fdae4@gmail.com,c2317cc5-cdb3-4ce6-9e6f-22551e1c6336
cuiimtclaimantuser7bb58a43042944ccaff8c170cb980370@gmail.com,3f4acfeb-580e-4c2c-89a2-518c13cd9ea0
cuiimtclaimantuserf871b9d36d1c45aba09658931f71de3e@gmail.com,66b52eb6-48e5-4424-aab3-e10748841dfd
cuiimtclaimantuser785644b2ca484c23991cbfb06a43d482@gmail.com,d987865e-9dbf-49bb-a476-265feef32693
cuiimtclaimantusera088824f72ef4851bb59387c4aa8a378@gmail.com,74f0fcdc-cb6d-4a2f-8a91-6558279d46db
cuiimtclaimantuser89a9119fe89e468d9ece91f3affdecba@gmail.com,f331e9ac-acc4-48f7-8ad7-2d5b90929c27
cuiimtclaimantuser70c519d5341046968cc426b8292517f2@gmail.com,c411bbd0-0f65-43a4-9fa2-1f927f99ffa2
cuiimtclaimantuser791c18172c8347279e188eabeef0f9a8@gmail.com,f2726a3e-8025-42ad-ba4f-4ac158d236d7
cuiimtclaimantuserb62d4b3ae937409c89b987812afd6276@gmail.com,fb98afe8-9c25-4e72-b234-2f0560bfb02e
cuiimtclaimantuser7459a3b97d70466a97fac7b14f27f2a0@gmail.com,303a9909-bfd1-4593-b24e-8f68016140bc
cuiimtclaimantuserf9806f7f40ce48b4acffe5f443da0bab@gmail.com,02dc5136-1c95-4753-a520-2f6bd4603b77
cuiimtclaimantuser14250075dab64118933ec3536f12ff29@gmail.com,72812fee-7cb0-4233-a379-95dd6019afcc
cuiimtclaimantuserf25cdbb668dc449cb8965dd396876efe@gmail.com,791258cf-97ea-431e-9a31-0431d03869cb
cuiimtclaimantuser007ffc69ed8643aebf105d4b09826b0b@gmail.com,f6c71cf6-2589-42ea-8ccc-3aeb339d0c9d
cuiimtclaimantuser33fed2dc079a42a0a230c41f3db1c644@gmail.com,689afc18-4779-4459-896e-75bbffe94d09
cuiimtclaimantuserd270a573640e48f9b76c944e0501999c@gmail.com,a9c267a3-5f3f-4a3c-8c2b-30da77cd0ef6
cuiimtclaimantuser66a15215fe9e4cb793fdb0a3a8e75c87@gmail.com,8ff47b24-694e-4e2b-961c-27e7830d3f5f
cuiimtclaimantuser2c7c0379f52c4b0c911c32a3d3cb3ced@gmail.com,dbcfffd0-c1b9-4bc1-9b85-90a991261656
cuiimtclaimantuser406dbff12a534dfe963404096c94c53e@gmail.com,c31e0082-9b5f-4ea9-a49c-41c17bb23176
cuiimtclaimantuser172431b6da3e42bc9fa31a79a1533ecc@gmail.com,9b9bcb27-fa9d-4b07-8269-353ffbb9f5a7
cuiimtclaimantuser23db8fb6d98048d1bb0300b186ed7e31@gmail.com,c2e3652b-120e-4257-861a-874436e57d11
cuiimtclaimantuser5834b85b44fb4ed98e1676bac252ecdb@gmail.com,51508064-7a31-41ce-9ea6-3ec5eff3efa0
cuiimtclaimantuser90737a889c6b4e99962f16a820294814@gmail.com,af6f5b49-722f-447f-8334-fe6f75f40490
cuiimtclaimantusera26bb826761b426599e5a573fe5275b6@gmail.com,84dd4b9e-2f3e-4b19-8323-858635f61e8b
cuiimtclaimantuser4470027edf5d46fa8ea71e97d0d058f6@gmail.com,67a536aa-70af-41a3-9712-b3649f60bf2b
cuiimtclaimantuser17ac3ffcfd7843459b3cfb358c183566@gmail.com,bcc954d0-f69a-4444-9abe-4337ca3c8ee2
cuiimtclaimantuserb9227b9d7baf4cf091ded4b28a275eda@gmail.com,9a1e5637-589e-424a-ae5a-9dec0cd6898c
cuiimtclaimantuser2aba6b3bf2ba47cdbfa8e803cd78781f@gmail.com,68a4c728-a898-4426-83b0-d0d1dd7947b6
cuiimtclaimantuser3995bd57aa6e4a7cab0dae5c0fd2ccf9@gmail.com,10fd9a2d-8577-48a2-90de-8432ff33725e
cuiimtclaimantusera9650f6dff53490aa331d5829675963a@gmail.com,d4284990-5533-42c4-b1ea-531faf52392a
cuiimtclaimantuser6cc0ce1175aa40209be6b7cca0bb01b8@gmail.com,006de0fa-2421-459b-a89d-7fd7dab02890
cuiimtclaimantuser415931d4f33f435db247ad1b3c75716d@gmail.com,f5050530-2a47-47ee-aaca-88f5dbe8a68c
cuiimtclaimantuserba00e2d806d14c95a7e188ad8d2f7d54@gmail.com,6c29cc3d-a48f-4222-a872-011379017446
cuiimtclaimantuser511d168576aa4c77ba4519e653b9c8ad@gmail.com,31775d19-e8e2-4327-9aa7-bf643052d81e
cuiimtclaimantuserd0b102844eda49eebec0d4cbf6144a32@gmail.com,b09558f5-8dea-4694-a7d2-51602324b445
cuiimtclaimantuserdf1c54a258d24a0ca17b7da85b9623c4@gmail.com,14235882-b4ce-4c41-848e-0f3ceafee1db
cuiimtclaimantuser0531c30df86a45a587e6ded6c4ccc7d9@gmail.com,9b645b9b-779e-4ba3-8a06-47d0947139fb
cuiimtclaimantuser2ba826a6673d406f9b916389b76e7e4c@gmail.com,30c23d4e-0bd7-4b20-ac79-2f234c8da1de
cuiimtclaimantuser2c37cd72d2c140eb8f237dfc53c838f7@gmail.com,6dd55200-33cd-4b06-b54b-e28baa184af2
cuiimtclaimantuserd6b0fcaf740646a3a75f5d23ef2592c2@gmail.com,3460f7c8-5332-4e89-b465-1e46b348d43d
cuiimtclaimantuser276e0a214c9d41febfee8ec73e9094de@gmail.com,2df97d1c-eaef-4a78-bf3d-2ab16daf8152
cuiimtclaimantuser8ab88008b8f34379bd41f7c20112662d@gmail.com,a989235e-cdb6-44bd-8483-f9caf27de3b1
cuiimtclaimantuser84e098cd8ae449809ca2f65484d6f29c@gmail.com,cf0bdb8b-2269-419c-a4ad-4aebff363543
cuiimtclaimantuser4b812f6fc14847a9b9150bdb784c3f13@gmail.com,d103bf07-9e7a-471e-a8cd-4e812de68424
cuiimtclaimantuser7050ef925cf24a558bc54c49234d4dfe@gmail.com,36e06851-fbc4-4a90-ace2-4d2824c30d22
cuiimtclaimantuser3c3c45e5d3584d80acc247156c917479@gmail.com,b2ba660b-9bd2-4ffa-816d-c84f4818d0bf
cuiimtclaimantuser97aedb62f5af4cd2b803062a615b5eae@gmail.com,b331019d-b58a-437d-a2ef-66618db6f390
cuiimtclaimantuser6e2e2e906e6d4026840a697bc9d8bb23@gmail.com,4455ed4f-4001-4d66-88a2-607b59ee1f28
cuiimtclaimantuser4488004842dc4054a54d45bcb87d0bc6@gmail.com,f24ec5f2-f8d5-4215-9a67-c58a8c4e9a17
cuiimtclaimantusere525376a04f947f89a8e0971ef1caa88@gmail.com,78d6f934-598a-4682-81aa-0d1ebaa5141c
cuiimtclaimantuserde51026a4427407683161f5754cd8ed9@gmail.com,7d4514b6-3ebf-448b-9653-1a0cf4b5d29d
cuiimtclaimantuserc74ae88cc4ba449394210190ed2aad50@gmail.com,356d60df-daf4-4d53-a00f-ce7140f79866
cuiimtclaimantusereab099ac8175480bb3249adb4fba53c4@gmail.com,03b18e80-27ba-4764-99a3-2b23b389c771
cuiimtclaimantuser97eaf3832dc1436aa0e44c62cd4e2703@gmail.com,a4e9156b-f83e-4c09-9c3f-f6fdfc44eb7e
cuiimtclaimantusere4dc7fe192bd4358aea9cde2faa6bc46@gmail.com,47a31be1-e204-4961-8b24-77c9f6ebd0d6
cuiimtclaimantusere0988601246c40eba54e7dbb0607cbb5@gmail.com,5fa7d906-29b6-4810-9036-0962cc63e68b
cuiimtclaimantuser6ab257d7d7cc4a79af891a434e1410ad@gmail.com,f2b1d21b-0d96-4f37-a95b-4a7be7799b81
cuiimtclaimantuser2bc37f800d434aafaab3dc1b9f33fb1e@gmail.com,986cabee-68cc-45c7-9e0c-3173960cd407
cuiimtclaimantuser7e387460cc31420092b58123b7cf6730@gmail.com,3cb77ae6-920b-4162-a109-7d841f48c854
cuiimtclaimantuser1e0cfc8ea5c2462fb5d5740b621eaa2f@gmail.com,ead3d43a-e380-4789-b32c-5326d58cf398
cuiimtclaimantuser30e78b03276446329762ab03af100ad8@gmail.com,0b3d940f-f5e5-47ad-81c4-8eaae0d04423
cuiimtclaimantuser47049e5e2e4d4c389d44c9337eff454a@gmail.com,e8ec8c0f-e906-4d0a-9ee0-4277b49d3e72
cuiimtclaimantuser3801daf525cf4b3ea72d103030f7991e@gmail.com,9b6f8cfd-697e-40eb-a7f2-d0034553159a
cuiimtclaimantuser83d51369be134eae9fe7ffae8d3cca07@gmail.com,5a18faa0-636b-458b-8fcb-e7b0a481b079
cuiimtclaimantuser47e71a3d6f124c0d9d219e0d0c075dd0@gmail.com,bda5b22d-3364-4f89-ae16-473487afb86b
cuiimtclaimantuser5b176b18a03d45cabed26b54f63530a5@gmail.com,f2677915-4b1c-4d41-93b9-05a9aef5bd5b
cuiimtclaimantuserae0ec8584b2d4988ad9984903d94ea1f@gmail.com,7b647fe3-2f8f-4453-9bf3-d1d2e65372f7
cuiimtclaimantuser641047a0a85649e892076855c9471811@gmail.com,a078c95b-cf02-41d7-a443-524df4b6cacc
cuiimtclaimantuser848a855807354e8b926ef3c2ffe27c86@gmail.com,1e5de0b5-9754-4ad9-bc0c-a8145f97f345
cuiimtclaimantuser80f7a4900d024498b211d4a7a801c396@gmail.com,e416abcf-c7e8-4910-8683-e5ab7dc90ed6
cuiimtclaimantuserc8b15d808db74e67a26eae333467a72c@gmail.com,fce0fc2f-cc96-44d2-8adb-cb5df0659729
cuiimtclaimantuserd79babaa506246f49422eb88267a9a52@gmail.com,85b85afa-dc5e-45f8-9ffc-214b8aba8d95
cuiimtclaimantusere74ef16e832843adbdf4f631eedd0e11@gmail.com,36ad4cd0-9709-45d6-aa6c-ed6f0cb96855
cuiimtclaimantusere99c95b6cb5a499f8c4122bb5c3e3840@gmail.com,6f02371f-feea-4e92-a369-b82f11ed1274
cuiimtclaimantuserdac4437e3160469cb682bb402b7cc8ed@gmail.com,80e01643-10a0-4560-abda-c8a15df6c325
cuiimtclaimantuserc108b45bb8f544f4ba764a5713753326@gmail.com,0375801c-3fe9-4f19-8e25-bbf6a5c0f9ac
cuiimtclaimantuser4d4236b0122d4f3eb29d3bc564f2d4bf@gmail.com,9c56c90c-0720-4c04-a559-a238f0914403
cuiimtclaimantuser00818c1132264907b4169b9b729ac969@gmail.com,2d660404-429d-4658-8224-6af29eccda51
cuiimtclaimantuser3314fd89bb8c4708a97cc5ec35ee360d@gmail.com,74e06b6c-d8ba-4a0d-962b-0128f198cbba
cuiimtclaimantuser88030067e272405d8cc90f5c2b0fda95@gmail.com,08e64916-1a3d-4408-ae73-cdbcb3f64f10
cuiimtclaimantusera75783e8af1b4443abdc9f4694312a05@gmail.com,37d0cd94-a8da-494e-beb8-a6a892957d06
cuiimtclaimantuserdf437e4cc861417d8ee19f5c81f20234@gmail.com,4be81195-c092-4c2f-84ba-7afc9449d31a
cuiimtclaimantuserc71641ee5eaa4fc28a2a491f19d371b7@gmail.com,0857eda7-bc28-4d2c-941d-d4452002dd38
cuiimtclaimantuser859c593157cb47de8e3e2d4e667a59f8@gmail.com,16d946d5-e445-4d26-92fc-14388594b10e
cuiimtclaimantuser311ba964efd648409fb0b2c3c250a711@gmail.com,ed67d910-e4b0-4c34-8e10-2ee56ced2a4d
cuiimtclaimantusera2de1ba6c4b24dc2af2c29f4b2770d3f@gmail.com,86a6e643-b042-4d69-9267-9b75dd4dbdec
cuiimtclaimantuserb02d7625a494464ba2d99c961c590e60@gmail.com,ae6c5dcc-76a2-42be-9318-4d172c9f6988
cuiimtclaimantuserccf0cb14813e4308b5a00263353ca22a@gmail.com,3fa328ba-4c0c-4501-8619-1c803f54da14
cuiimtclaimantuser9f1f9dd55adc4315ab114332c4d7b465@gmail.com,3de90106-12f3-4038-af2c-9218ff87ed6b
cuiimtclaimantuser08235ecf0ccb475eb316399ac1d50e83@gmail.com,25063f09-0413-448e-9c55-efee6450dbb2
cuiimtclaimantuserca1ab4f3ce7145579276064f1bc8fa82@gmail.com,ba6f3bb2-4698-424b-b868-2f685d6bd482
cuiimtclaimantuser83009fa5dde745c0a690cdcad946487c@gmail.com,480e57d6-3f3d-44cd-af89-a3cdb68abe97
cuiimtclaimantuser136ea4e2ad454c46b1abbeb4cdbcaf40@gmail.com,536bdd64-102a-4f18-8f80-83a537e04469
cuiimtclaimantuser79bff8b10b8a486a92b4fdf381f8ec4b@gmail.com,b947c769-14b8-4c31-b35c-b6f3e82bb1f1
cuiimtclaimantuser8354a650308c4fd58fc76ff81d8df69e@gmail.com,5835590a-906d-4a5d-8408-9a0f2bf7b1c8
cuiimtclaimantuserdd36c69d487b4bca8c0e81b1e8bfc815@gmail.com,2607a57a-1019-4b21-851a-59d1be7bbdc5
cuiimtclaimantusere2ea4a224787462eb8ea6799b033f731@gmail.com,f1bbd3de-ebfd-43ca-a4fb-24d0d235a81b
cuiimtclaimantusere64e60b1114e4b849387724236f902bb@gmail.com,19a417b9-7b3d-42b0-afc1-b6939a58f83a
cuiimtclaimantuser392a827bf23c4bcdb856b26aae9330a0@gmail.com,d235b46d-b0f4-4fb6-8922-99315d5c1e49
cuiimtclaimantuserb04a42fb34a4417bb2624cc3d36ba480@gmail.com,12b55394-1bcc-487b-bebf-ae213ea106da
cuiimtclaimantuserfa735281b0ed4dd8a55780d6c6b7b4d4@gmail.com,9efd1d98-33ee-47f0-96a9-dca3097a921d
cuiimtclaimantusere2da50a905994f95be13c8eaeb851174@gmail.com,552d7903-adcf-40b4-b981-78520c0a2c72
cuiimtclaimantuser5069368c172a4eaa90fbeec505d4a72f@gmail.com,8d7a7bdd-11a0-4a2c-910d-7fd59d9e090e
cuiimtclaimantuser68bae9faa37443ac9469aa4d431c1b09@gmail.com,9d18b39a-205c-49fa-abe4-b9dcc803adc6
cuiimtclaimantuser9c7432cdeacf44a3a94b664afd6ac6fa@gmail.com,345eb4ae-f197-46d2-95ab-4984832843b7
cuiimtclaimantuser1f09de3cd22548be93da79079eb66fec@gmail.com,7c64d440-73d0-4f87-a6e3-4bea01d597ca
cuiimtclaimantuserd10d0628d5cc421da427929e07145afe@gmail.com,d84c95f5-f9ad-4df1-bfec-f7ddfaf8971a
cuiimtclaimantuserfaa623fd34584dfb957069bbb5582d2e@gmail.com,0deba7bd-c6dc-410f-a348-9435fb635685
cuiimtclaimantuserb0271e8bad6a4cd49107e4abe5ca6154@gmail.com,9baf7855-e751-4adf-a7a4-2c49e4b7dc21
cuiimtclaimantuser001f361119604a02a7ab0407f3582fe4@gmail.com,58c8acde-105d-49da-8161-518b096f83b3
cuiimtclaimantuser214c9a4cf3154b91bb58f156148e3633@gmail.com,dd5af459-53e0-4572-8233-76441ef8f9ed
cuiimtclaimantuser808d5a486e5043a1886f5debef4c23f7@gmail.com,c35cfe96-b208-4d4d-a14f-472282a14d16
cuiimtclaimantuser6444795ea4cf4e00ac74ea2b9d57d105@gmail.com,4fb99f43-5970-4d26-80c1-5b5e7acbbcc7
cuiimtclaimantuser12fd7b1ef9194da2aa4a1a55c506bb76@gmail.com,652152c2-b030-49b0-a9a8-c4744fc8f2d7
cuiimtclaimantuser5f238f317a6845a4aaa7ad003a13da05@gmail.com,b3c867c6-35dd-4563-822c-3ffb72ba071b
cuiimtclaimantuserd97cfff751ae4eafaa0069a65def5983@gmail.com,295db37f-d678-41ee-aa8f-722b53da30ae
cuiimtclaimantuser03a4b92ef17544bb8bbbe5a32ba63a64@gmail.com,73b40f9a-bcb9-45a8-912b-fee65189bbae
cuiimtclaimantuserf2e2b94210174f668ace38558f3ce587@gmail.com,d2344c90-4a55-4f27-a4aa-12397f5f5427
cuiimtclaimantusere5e6fd092acb4d899d9ff200983b805f@gmail.com,8aab1191-9377-42cb-a137-33e84384b421
cuiimtclaimantuserbbc203403dff4b6d898642274e45f902@gmail.com,08ae517c-5d2b-4251-801c-867cc55dbc53
cuiimtclaimantuser06a984983b0044f1b6e5fe798d3a39bb@gmail.com,3bd148be-dc44-42b7-b05d-61a7a7758b14
cuiimtclaimantuseree193a6029ed46509e96d7785dd42b44@gmail.com,b85fe30c-9176-450b-89e5-f496f3bbc346
cuiimtclaimantuserf7613156d91c42edb9490985cbc0dea7@gmail.com,409c95c3-8f61-466c-90d9-89a8e8f2026a
cuiimtclaimantusera6088af30d4246cb8ab444e341950c97@gmail.com,aa3f1283-0cea-4cc9-b4aa-91c45f8043c1
cuiimtclaimantuser135657d9ca6341eea9b40d5adf271791@gmail.com,a6ac4340-5bac-4203-8338-fe9f6773cd5b
cuiimtclaimantuser4bcf18c048e44a0896e81a65b385ad9a@gmail.com,c2d6cb42-ba42-421f-9d56-0cb12c1b4e35
cuiimtclaimantuserd87961fc9fcd4a6b9816c732357da01e@gmail.com,957be306-504b-4b6a-a352-e9c948918ee7
cuiimtclaimantuser9e06c12896ae4630ad4a3b88d83a48f7@gmail.com,3e7f3107-e903-46a7-a773-b6891a215318
cuiimtclaimantuser891fe6d454af4f5daa678e42ceda8920@gmail.com,fe55ccc0-7013-47ef-b6fb-144bc2eff796
cuiimtclaimantuserc5e04429bd31444eb18c25da8a0d9f52@gmail.com,50b0868d-6243-43e4-8a68-fbddbd4e068a
cuiimtclaimantuserecd3687b756148019e59b816f9a9404d@gmail.com,c96196eb-42de-40cf-ac97-51cfd84e7c75
cuiimtclaimantuserb6525247ff0d4b13806c28cefcad42cb@gmail.com,069f1fbb-fd9a-4d85-abba-8df35e62eb16
cuiimtclaimantuserf20634b4786e4f5fb41b981dca587ba4@gmail.com,bd76a79b-b301-4e99-b896-8e2eb5b63361
cuiimtclaimantuser9d015a5878e7475e98d662beba258bf6@gmail.com,38c6dc3a-afa1-4a4e-b689-5252b2d04cf2
cuiimtclaimantuser9c16845eb7984d08a8b5ea00faf75cab@gmail.com,d87a67b0-f3ce-456f-a411-8783b7c864ac
cuiimtclaimantusereeccd6e116144fca9be70c40728e94ed@gmail.com,bf09743d-79d9-4b5b-be75-f32c5ab2de4c
cuiimtclaimantuser75bebdd7b31f4a8fbc4d34aab16b307d@gmail.com,57529ae9-8c47-42b8-9cb0-4233469489f2
cuiimtclaimantuserb1983c4c626e4858af207e0deeaa565e@gmail.com,d533c908-f3a2-4101-841c-47c6ffdafe6f
cuiimtclaimantuser18870ce00a104c47874020ad513fc641@gmail.com,0d4aed47-ed12-4228-881e-0c9a07e7dec2
cuiimtclaimantuserdcca7719872945d5ba8dab5e5761b376@gmail.com,f211c121-2256-47a5-af4a-890cba72cb79
cuiimtclaimantuserfafa98463f424847bb3b3be2337243e1@gmail.com,b226d411-4181-4ef4-9697-80c39bf74246
cuiimtclaimantuser5cfae9324d9445668669d54671b29198@gmail.com,e3b3ac44-989d-4970-b80c-bd4b0a4d57e9
cuiimtclaimantuserb9ecda6780c342c689b813f0d5b97728@gmail.com,26d81705-f0b1-4c95-8917-c83b24f9e0b9
cuiimtclaimantuserc0fd541ef4ce48ada0d22d6f8b72dd4e@gmail.com,c7483749-361c-440e-995d-ae4f76e8cce5
cuiimtclaimantuserff8c99e21517483db1be31c49893709c@gmail.com,f2a8868d-4470-4dc5-b8a2-3db497447a40
cuiimtclaimantuser53088fc14a174921a86dc1c3e0771c72@gmail.com,07da310c-809c-47e2-8027-e0495b87e80c
cuiimtclaimantuser256232dc3f49407c9829d994b24b496d@gmail.com,8a66d111-8c1d-47a6-ae43-2e91c7f94043
cuiimtclaimantuserc3f164c7926e47fd8634086b8633b170@gmail.com,7a4394d2-2c4b-47b5-8d55-14b4a3b7f2fe
cuiimtclaimantuserd699628dd97d447dbf4a7052a56ec93c@gmail.com,fd0239c5-02a2-40d6-9a9d-3d844d13c12d
cuiimtclaimantuser6a933b37f29441e3bd436426521337d5@gmail.com,50e7bfef-e3bb-4931-a0b3-ff3326516470
cuiimtclaimantuser5795c7cf0d9b43148d6c0809b5257f42@gmail.com,021c33ab-7cab-4d74-bb51-293d9e846751
cuiimtclaimantuser19f412b975d040e78679f32feb22da99@gmail.com,e3b9018f-3608-4bc5-a516-1392962f68ee
cuiimtclaimantuser287c53a7cd774b9599aedcebe3878114@gmail.com,438f3a06-1d43-4249-a903-cf9b11f43e2b
cuiimtclaimantuser848b3b1d9a0e41a0b65ac9d9f1eca7f0@gmail.com,dce6e00f-e00c-41b3-af8b-832150bd2085
cuiimtclaimantuser6b0b618c7b4f4d67a3a8867b67b4d36b@gmail.com,27717cec-fe24-40ba-9cb4-61e87624ae5f
cuiimtclaimantuserf61c72f7fb804bb3a7bb806b5a6579c9@gmail.com,d9ec99b9-cb54-4359-97b7-ecad73f476ed
cuiimtclaimantuserf575cc151e13425d9d4667b3e978924a@gmail.com,6268aaea-5c0e-43e1-9158-40491fbd6fca
cuiimtclaimantuseraf4312af32d24bc791fe576cb985632a@gmail.com,9b134b5f-ed86-480f-bd8a-45421b22ed49
cuiimtclaimantuser0eee53caf7fd4ca4ba87c07ccacb1827@gmail.com,98d89382-b4cf-4996-8cd1-3cfcb433d88e
cuiimtclaimantuser306e69ab402b4532b6d045a27dcc19a9@gmail.com,40da8995-a2a4-4301-a7c8-49ef37c07426
cuiimtclaimantuser1f6029e10eed43f3b842f4867b3dcb09@gmail.com,8bb0daa9-90fc-444f-80b9-0dbf546a6218
cuiimtclaimantuser64bb13356afb4b508f5ed767b12e1db5@gmail.com,3817b1db-33a2-4c18-a158-38d5d968827b
cuiimtclaimantuser548c585e08704d8aa345293ca812dd13@gmail.com,3a4b8304-b597-4a4d-b45e-977ede98d7fa
cuiimtclaimantuser544991e614b6427dae872260265211ce@gmail.com,5c1b7ab1-414a-4ee4-aa13-285d0957e638
cuiimtclaimantuser2859cdb076b1456696e6d58368e198d8@gmail.com,ad4403c5-f262-4231-95af-4b1b5d281ae6
cuiimtclaimantuserf190da802ca94b8993ed934bcf81f1dd@gmail.com,e977a4eb-ed78-47cf-b01b-365272c76785
cuiimtclaimantuserb5173da0e74e42a78104b7b67bdb55dd@gmail.com,6b2448d2-ce5f-4815-8dd8-0a909acff8e6
cuiimtclaimantusercc8e6f90e1634441bddf84a2c36b5161@gmail.com,91e741ab-1680-4adc-a16f-b8a208601290
cuiimtclaimantuserc04b71fbc06b4a788b756cf96b17512d@gmail.com,08573845-27dd-446a-bfcf-5d686d9589d9
cuiimtclaimantuser64b1c33267c1419182b512911619399a@gmail.com,f9fdb9d6-574f-457a-ac44-f2cce8c669d2
cuiimtclaimantuser2113bc9622ec4b89a18e892a0a8d9188@gmail.com,8d012a3f-ed8c-467f-aac5-8bea4a02785b
cuiimtclaimantuser2ab78edb484d4556aba26f5aec515fa6@gmail.com,db7e149f-c8fb-47e7-baf7-63c6cd0718f5
cuiimtclaimantuserce5576196b5743369e486b6a500ca3d6@gmail.com,4a10b6c0-16ea-4eda-96c5-f47cef2876f1
cuiimtclaimantusercff62749dc254a4c8f1ccc408ff67b1d@gmail.com,af3b2bb3-e850-4f3e-9340-4d3b07072189
cuiimtclaimantuser34551229e14f4152b0b19d4f2f29f26f@gmail.com,eed2ef3e-e718-4cd5-afdd-6b4f123bf5da
cuiimtclaimantuser1e724aeaad38423f87cb8c31a11b7a9c@gmail.com,3a09b456-a171-4863-966b-8db345f50000
cuiimtclaimantuser058ba49f45ad43febd8631f5ea0eadad@gmail.com,4ebd7c7b-e9d5-45be-87f5-74665d3ec276
cuiimtclaimantuser6dcc6dc0a2894898b81ae2bceef8de50@gmail.com,20e94159-fe4d-4be4-8533-71d20467cdd3
cuiimtclaimantuseraa73473c98f548999c02fb6ca05671fc@gmail.com,80ac9a0b-a861-4e91-b17e-446cfe621436
cuiimtclaimantuserbbe9ed58781b4fd780b7db03e2334679@gmail.com,f4b10a68-09e5-4366-8685-a1749a69e52a
cuiimtclaimantuser15190e38d1c648f294b096ed8cf1a63e@gmail.com,603698e2-0350-43d4-9888-ac466d805f06
cuiimtclaimantuser120ca304277c449eac0d87e82b85138d@gmail.com,6cddcbd2-1135-49b6-adce-80e74018ac19
cuiimtclaimantuser88b9b85d59a641089f1e9c99ced3a4f2@gmail.com,427ba753-e419-4ae1-ac00-7583a5fd56f6
cuiimtclaimantuser4e5cc2cbde8a463984722184116706bc@gmail.com,a2f973ef-1b11-4a7f-b37d-e7d7a46964a2
cuiimtclaimantusera4e289311d9c4c9fa6bd398b7efa3d40@gmail.com,f57deea7-2251-486e-8947-175592f493b3
cuiimtclaimantusered499b32820a4d6a9e287561307cec26@gmail.com,f382209f-7c1c-4a42-b489-502b978eebaf
cuiimtclaimantuser9b0da34b7eba40d58e6dba735dff0297@gmail.com,8bc607df-8890-4782-9fe6-75229219fb18
cuiimtclaimantuser55ed42d7b2df423382bf025e8cc8fe3d@gmail.com,cf15b688-fc36-47a8-a333-e15e8cc44a7e
cuiimtclaimantusera292ca8b89c44e3b8ba93cf37e2aaf10@gmail.com,a278b1f2-3bba-4978-9a39-0afea9e94974
cuiimtclaimantuserc10b330bd85443c38da619efd767a26d@gmail.com,385719a9-aa26-4185-b156-48941ed2a35d
cuiimtclaimantusere6b39811caa44c239b05ab54532fbcff@gmail.com,3d630219-2d20-462b-b1f7-6681692ac0ec
cuiimtclaimantuserb1f5f9d176cd4342b2b1f2d7796f4078@gmail.com,beb03412-02a8-4d3e-b85b-222bb1f3a634
cuiimtclaimantuserd2026bcb77a942879781c784c7c1fa56@gmail.com,885ad9fb-80e7-4679-93b2-779bba463f06
cuiimtclaimantuserea1c5a5e231c41548d11a052d2046816@gmail.com,89c73c68-6376-477c-8c22-29819ea01bef
cuiimtclaimantuser32d354d6bc224dc38289f0ee5d3ba59a@gmail.com,e492035f-69b8-4f68-a0c8-9106afe616ab
cuiimtclaimantuser864d419dab134d09a18f65da9993715c@gmail.com,b0153600-ce77-407b-8c57-7560fe57b00c
cuiimtclaimantuser57772642f0114712ae1bf1a271f2b38b@gmail.com,a24d45f7-a06c-4600-80e0-7214a9a82d5b
cuiimtclaimantuser50c89f3d56114edc824fecf027dfedbf@gmail.com,7d46780b-6935-4a18-aa68-d3c45cd341fa
cuiimtclaimantuser0bbc00366bce46128dabbae8fda477a0@gmail.com,8007cb5e-934b-420e-b517-3c91e9633123
cuiimtclaimantuserbb4659582e9c49f780ab083bbdafb96d@gmail.com,1bd580d7-5c1b-4211-a4f5-fe71b77de16c
cuiimtclaimantuserc491550ed92443a9845dae95596e8b26@gmail.com,30feff86-7241-486a-be53-510d3fc4be5f
cuiimtclaimantuserf5b2aab58c5345128720696333f74dfe@gmail.com,61ba3ba0-71d3-4dd0-bb68-aa4342ad8524
cuiimtclaimantuser44fd82b1807e4e8dae1304c914b49d62@gmail.com,a7682ffe-ea3d-4771-b241-19761035713a
cuiimtclaimantuser33201dd2ea2c4c2f8b4d7555c8115c8d@gmail.com,746a252f-16a7-4721-a496-bb7940ffb40e
cuiimtclaimantusere66b463f70404b5882808963f9168a01@gmail.com,67723809-0fdf-4600-8c3d-f5ae805d68a0
cuiimtclaimantuserc45e0d1729b74ab58cb35eb443107508@gmail.com,beacc095-a4a8-4678-8b5d-0de60ccd4842
cuiimtclaimantuser8aa36986b8d149be91e8d61404f7a2e8@gmail.com,b509f81d-a6d7-4135-83d4-26332fa7c38c
cuiimtclaimantuserbab6c9ad70cc42f19694e4c4caa80a5e@gmail.com,863a4a37-0bb9-4c98-9576-d66f3cd7cf4d
cuiimtclaimantuser02b0f56c9833449fb473f891a4e5cd43@gmail.com,692d45cb-08d5-49eb-a73e-b43f26b548a8
cuiimtclaimantuserb7de8aca436746d18e464894b17c7dae@gmail.com,85ce47e3-5c8c-4528-a889-13bda0623cf0
cuiimtclaimantuser110da3ee1b1e4de4a60d67a0b7938e41@gmail.com,4f72d80d-056b-4cb9-9c82-f895101e317f
cuiimtclaimantuser00fbb4ad18ae49499eab5d804d7ac188@gmail.com,12ce0652-ce6b-4f6b-b32c-97f1d2f64507
cuiimtclaimantuser99910daff2cd46d2b9062cc1c2962b73@gmail.com,b3b709f3-c585-4aa7-99a6-e860d7e042db
cuiimtclaimantuser60eaa432fd3448a48de76bcddb6eecbd@gmail.com,4c52286a-16c1-415c-ae29-33f63f4fc713
cuiimtclaimantuserc3ba242c1490427893c688e71dfb1d5c@gmail.com,ce4bf040-e6ce-471f-b1e0-e6ac6caa6b4b
cuiimtclaimantuser416114f791f84085aeef87e820c32c1c@gmail.com,930861e7-bc84-424a-9f45-10109c77e784
cuiimtclaimantuserf85c4ac49c534f738b84dea087942cd8@gmail.com,5951ed00-c41e-4781-aec4-222e97a1bfcb
cuiimtclaimantuserddc478c6643845e882aa10d73053a14b@gmail.com,b24af50b-08df-46a3-b01f-accc657bedb3
cuiimtclaimantuser8323e8cf1f7b4aad9938d800983a2a10@gmail.com,61a1e980-ddd6-4c66-8d41-5dbd5c0b9fdb
cuiimtclaimantuser566b7eba415945b8b66c3b3b243bfb08@gmail.com,b0a734e1-1d7e-46ca-b19b-c815fb1cc309
cuiimtclaimantuser4fc0e09ecd1a47c2a83a8a133f8ef758@gmail.com,a6713c85-b32c-4618-b67e-ef86c2ef6e12
cuiimtclaimantuserb433bc30f97a49afaafa8f3fb8b0b96f@gmail.com,fa11d270-b832-4d4f-8988-6be70935400f
cuiimtclaimantuser563f7ba586f94d92b26ea3947b89c2fc@gmail.com,4e1921f4-3472-4cba-99be-047e163f0048
cuiimtclaimantuser2ab6ababcfc74ecda99d8b7029d93d51@gmail.com,b779aed3-2d64-41bf-a170-85c7fcf28a18
cuiimtclaimantuser5460ab9353d2462aa3649716419b88cb@gmail.com,b5e927a9-2017-4cc5-8690-47d7ca246691
cuiimtclaimantuser2150bb087c784354b184ee3db9b2f40c@gmail.com,2ae27a26-3cd2-4247-9243-6ec494249b07
cuiimtclaimantuser8568b29335104df4b380159bbb82a267@gmail.com,5374c3b6-fad6-4f00-8045-087ea60d946b
cuiimtclaimantuser4d30b028c3bf49a0bbe59424cc123506@gmail.com,314e40dd-ea0f-4af0-9e38-9c8d17db20fe
cuiimtclaimantuserc475f9f549a54232b0feffe4b59c82e0@gmail.com,386da473-25f6-4bcd-9c75-9c06b8014258
cuiimtclaimantuser669e778dcf2c45f091f238ec50da3f11@gmail.com,1697f7b7-21fb-4825-be09-c3512e1291c4
cuiimtclaimantuser0972117aa49d4d7f8a76160f9e60ad26@gmail.com,f8685b79-ca82-4257-a808-fa41608ee4e5
cuiimtclaimantuser0ff78fd5277c434a8a1c277de920df06@gmail.com,c77aab38-373e-413f-8777-189fc8dcf6e1
cuiimtclaimantuser1699a6f69a2c4189b82aac03c70425eb@gmail.com,df2243ce-0e70-4a86-9a1f-c589a8ba127e
cuiimtclaimantuser48d03bec1b954925a334b5c3ed33669a@gmail.com,4171db0e-6dac-4f13-b01e-8139be19a996
cuiimtclaimantuser7d91f57184644646be30fade9e6667d8@gmail.com,71aa42ca-7a26-4f9c-9663-77de59962d80
cuiimtclaimantuserd71dee6129c34ebda46c9f0cb6d1a3d7@gmail.com,41959e1f-ee30-4c72-85e0-0b8c96972f7f
cuiimtclaimantuser84a23aa979744c5f9a7e3f36d2b93bdf@gmail.com,26c96b09-b6d7-495d-8dfe-c23efea08092
cuiimtclaimantuser391f51cbe6f84ef69bbc7e761d8978b3@gmail.com,123db03b-a084-4ba6-b70c-cd4c8bac6e7b
cuiimtclaimantuserae28ab74a3e8414480d56725abe286ea@gmail.com,5c9ca4a9-160e-4f38-b049-36838d01a505
cuiimtclaimantuser910d4f5218dc4ec281d7f7af3db8fe85@gmail.com,77cb67ea-ccff-4e9a-83d2-0fec63b5e3c1
cuiimtclaimantuser67a1340fac414a2faa19c068931edb8d@gmail.com,dce70030-a8df-4a13-b930-2b52573c0553
cuiimtclaimantuser7bc418ee5fd548b0b1aba73516875db4@gmail.com,89a275a7-b088-4922-877d-e632daf68c8c
cuiimtclaimantuserc405b2d418cb4e908106a1ab45bf05d4@gmail.com,adec9daa-a863-41e8-8322-7a72e697a99d
cuiimtclaimantuser1d3469f92b7a4370a5fbadf6f8da9afd@gmail.com,b7eb8c58-0533-4288-bd2e-1cdc9e0b07fb
cuiimtclaimantuserb8fac4e9d62d4b6aa00f705fef518891@gmail.com,9f7cba82-dbc8-4082-8925-8fc8bc72b813
cuiimtclaimantuser97c06b319809474c8d3d1be03a165658@gmail.com,7b0d65ea-02b8-4419-b350-cb1304cada8c
cuiimtclaimantuserdbf6c8d77100401482ff6c994dd1e46a@gmail.com,aa82f474-1c4e-453a-862f-e5f5e6c6205f
cuiimtclaimantuser21f000f5b989452185dab7fc58b13693@gmail.com,fb5c96d1-4eb5-40fe-b391-67f2a94f6659
cuiimtclaimantuserdf4834c7d6b94b369640a07e7bfa9614@gmail.com,14094d86-682d-4957-889f-969f3ea6c785
cuiimtclaimantuserb9b7a7574d5d4575afa9dafa9fed54ee@gmail.com,da8fd3c7-7a24-47b0-bf4b-f78fbce99d7a
cuiimtclaimantuser1b95e88963664cc5a2706f4e2aa82139@gmail.com,963fba21-2c84-42a6-9a99-2bbba64e0927
cuiimtclaimantuser223b95c9dec345aa8a65987959354c48@gmail.com,de9fdbee-87e2-45ff-98bd-d9c71a9df3e8
cuiimtclaimantuser2e7fb6a85b864c00bd14126044803f2f@gmail.com,87b39b87-a41a-4652-8007-b8f40f7b40e6
cuiimtclaimantuserc7efa93efc6a4b9d93d63db30510eee8@gmail.com,6747497e-f5a4-4007-b541-3ff7482d9526
cuiimtclaimantuser9a3d9df6064646dda6568d127890377c@gmail.com,2a4d4576-2d9d-4771-ae27-5dec2f3529cb
cuiimtclaimantuserddd254df4040423caabb17f4c81453c1@gmail.com,467718ad-6ede-456c-9772-a4443e5285a6
cuiimtclaimantuser548f92f5a5cf465798894b7ef9566b13@gmail.com,55341f7e-606f-4d34-829c-45d8f8b51a02
cuiimtclaimantuserbe4943cd5bf74c2ab0f753a0236d29ee@gmail.com,b0770299-e1b2-42c6-b323-ab3649e34c79
cuiimtclaimantusere1f94fc6d31544358c67d6804b2e316d@gmail.com,95c4854a-4101-4bc6-b487-7345cf217361
cuiimtclaimantuser67e3c83b5c574161be97ba19505502c5@gmail.com,f7ac8eec-6979-48ee-a93f-95ba94647cef
cuiimtclaimantusere3b44bcf085140ebb665b55a9535b453@gmail.com,a46aa4e9-c8b1-4f14-b5f1-424280a42654
cuiimtclaimantusera034469e63ab4672b6110febf3e5839b@gmail.com,84cc8380-cdef-43b6-9178-77ffd6c00404
cuiimtclaimantuser7ba5a9716a94417b96736c6d6309fce3@gmail.com,7a745919-1e69-4f88-9406-8779d1bee760
cuiimtclaimantuserd952d627e43a45d9947d6aa7372f3bc2@gmail.com,f4e8a60c-94cb-4fe7-99ea-25cf3a07ea33
cuiimtclaimantuser3edeff532de742d9a236a9d9b93f9d50@gmail.com,9fe7a25c-65ff-4456-9d3d-e2522bef32f4
cuiimtclaimantuser1790a93b21194b4ca1ea37cf5df19406@gmail.com,aae5a30b-eaf0-4d11-8ba4-cb866e5d7707
cuiimtclaimantuser500be81663a542d78fe61a03a380cfb3@gmail.com,e375eb0e-f19c-4925-9fd0-db27c7f40a38
cuiimtclaimantusercd6075f738da414db78be6104811bff7@gmail.com,33ba3334-eae9-45c6-8f2e-36e72228c975
cuiimtclaimantuser9275a66aa26c49e9ba1bb42a96f5e5ed@gmail.com,6d3082d2-2284-4491-9a87-b3ac31dcfabd
cuiimtclaimantuser8c0356d84584427bb4523d721bdbf7fc@gmail.com,df6a7eeb-f3d4-4a01-9968-4611f12607e8
cuiimtclaimantuserecc65b08d46c448a96fccd9f4ee812ab@gmail.com,8cb66ba6-6490-4814-b93c-2f8c50dc5601
cuiimtclaimantuserd5ac068b8b3646c3b6886380e090809f@gmail.com,c84a0e89-efee-4247-b30d-e32f5517a5f7
cuiimtclaimantuser34bf349a7b7c4bd089758e865f92f43c@gmail.com,6ff05933-e46b-408e-b629-2f80e04e97d1
cuiimtclaimantuser390bafd99eb94122bd2376df0c8ad4a7@gmail.com,5fe999b9-4e59-4dd4-8345-ca2f5dc7c971
cuiimtclaimantuser2b04b2a0d8c74c02a7e2f08ff86d4f80@gmail.com,56bc0df0-50ba-4537-b6b9-25c6939240e9
cuiimtclaimantuseraad3b7a995524e65bbe24a2e583f33c9@gmail.com,96ecc7fa-3062-45c7-91fc-f35bf54ea87a
cuiimtclaimantuser371b99a05bc44a3abca33c860d16b039@gmail.com,bc21a462-f940-42ff-adf6-03744c02d862
cuiimtclaimantuserd958dea174d347c98daa319aacbc8a24@gmail.com,b333bd95-f719-4953-86bb-eb37f19a5c96
cuiimtclaimantuseree13a3a4748b43b1923031d42069d55d@gmail.com,d5a55630-14ca-4a16-a137-fce481e680ed
cuiimtclaimantuser164504feccc2444a873394607bd1782a@gmail.com,8006ad92-175b-487a-ba96-1e6453f7ca82
cuiimtclaimantuser2bef16513b8f4810abf199849730d23a@gmail.com,0b4c9e28-ae07-4ed7-9fff-43d9e82b6130
cuiimtclaimantuser31ba16ad1d7344b9bbd17758ee0d8038@gmail.com,c7b4262b-69cc-4ef7-94ec-0460f04784f8
cuiimtclaimantuserb63e77c94a4c46b99ceb529c96083a80@gmail.com,06add6e8-d53d-4eee-83c7-d8fdcfacb4ce
cuiimtclaimantuser231885c652fb449493bd649d28a4369f@gmail.com,969083f0-7662-41d3-9b56-60c52774158c
cuiimtclaimantuserb9542c4bace449c9861bc99f904550d5@gmail.com,033cd6d0-377f-4724-af53-c63dbcce4627
cuiimtclaimantuseraa01c97d398c4adcbb1a53b7d646ecfe@gmail.com,530b7493-7a09-463e-9048-94dd71564853
cuiimtclaimantuserab27827e9a144511a1744e5bdb4cbd04@gmail.com,2f78dd07-8ebc-43b8-b455-3ac11c25639e
cuiimtclaimantuser8a6c9922336c4997a498fd95ff71be49@gmail.com,1230827b-8e4d-446a-9676-982ca9c08507
cuiimtclaimantuseraec74a19b13341ca9a1822c313bdbc4a@gmail.com,4034a1c1-a8ed-49fd-9ffd-8f5bba112c0a
cuiimtclaimantusercfeb10d32e4348ec938349cab8e2cbea@gmail.com,2cd90b30-d3df-49de-b838-5576307d92cb
cuiimtclaimantuser1c4fb7109c264ae2b016397bb49662df@gmail.com,56bf42c5-4510-49eb-a29c-851ca72a5a00
cuiimtclaimantuser04b9fa4e6775465993a58f52b6e71a2f@gmail.com,d8b889aa-36c0-452e-badb-1c898a508720
cuiimtclaimantuser07687a25a11643d0a59fad0f7938cc51@gmail.com,10166a11-0e5e-4f70-bbdd-5fcd475ba6f4
cuiimtclaimantusercc596f80b9d0420f8f67a9b870d3c472@gmail.com,fc74de84-4763-4f53-b809-4baa3fbb3f30
cuiimtclaimantuserc6ab5ab253e14600b6fc101a6a082808@gmail.com,1224a0e0-93d3-4c19-b9f5-6a8aadebf673
cuiimtclaimantuser8d676327124a475888512aecb344493f@gmail.com,e85a9b68-0629-4b04-8c7b-a76894b393df
cuiimtclaimantuser95f4ea90d4974157b6de8c27e13aaaa4@gmail.com,742533a8-83be-4e32-ab45-c4c28273a49d
cuiimtclaimantuser37611d3df4de40f69d0858f7b19a56fa@gmail.com,dfeffbce-4431-44ab-82cd-5f3569853ad9
cuiimtclaimantuser0db235145a2f4794a7c0b58e48f7a6e8@gmail.com,13137b2f-6938-4713-a6e9-eedda5aab0ef
cuiimtclaimantusercd668fd00df143729e3e6ed1e3610f53@gmail.com,4bd76024-d089-40e9-9808-db0acf58397d
cuiimtclaimantuser9ee733ad629445b390d71082ec6a28a3@gmail.com,4096f5b0-356c-40ce-a59b-09e85d777d93
cuiimtclaimantuser76f61066f6e94aee99092e02db3bbaef@gmail.com,7a00272b-2633-4d0e-a18c-1d8dae9f361f
cuiimtclaimantuser5ce2306c743a4725b6fd606d3dda1c52@gmail.com,93c9a820-4582-4767-ae61-cee32acd624f
cuiimtclaimantuserb10ea5ab0e3344718290cbad4a31e99f@gmail.com,816166e9-f9d0-44a7-9346-965921d27bf8
cuiimtclaimantuserd5acb282db1e4f8d9439a48a3018a2e2@gmail.com,b2c4cc97-c420-4e22-9c35-b48c1fb3efda
cuiimtclaimantuser18c6d010520a4b1f8de662b4a624db38@gmail.com,1127c467-0a12-4f8f-8e25-86b8b27a1e8c
cuiimtclaimantuser4216ec4ef5d04e5e8bdeea06ad5d89fe@gmail.com,f04ebdd3-da9c-4506-a3a5-9d01f3f0b188
cuiimtclaimantuser663080e5292f445ab9bba676c4b07fe9@gmail.com,1788e8d2-7738-4ad7-9416-b34cf84bb3b6
cuiimtclaimantuser409ad8cdde2a43228a0efd1fa757ca6e@gmail.com,5a2a74dd-8fb7-4829-8606-cf036d093ba8
cuiimtclaimantuser655d7c6bc9d147918b9cdac6ba922f8b@gmail.com,3b2fdfa5-5c54-42b6-85a8-be89d0f2df78
cuiimtclaimantuser670870c3a54a4819af69f41384a6a89e@gmail.com,59a43975-b166-42ff-a12b-2fd95d32104f
cuiimtclaimantuser7729366e51b34f3882bcc2ff9d52bf59@gmail.com,de298bee-f20b-4e80-ab38-d6e3a08058c8
cuiimtclaimantuser502ca339024d42d0998a5325105ef0a2@gmail.com,657c0162-9129-4180-beba-2c9d27a51c87
cuiimtclaimantuserc6aa4cf542954b2e87c695f267b2080e@gmail.com,6bc1413f-73dc-46e4-a82a-a2bf6a10f8a3
cuiimtclaimantuser6620dd0c9e074eada4ff20bf4a77d36a@gmail.com,e5dce309-f6e0-4bd8-9a29-8cc28a3ce75b
cuiimtclaimantuser074826814df94a44b9dd1b77f450fc44@gmail.com,99a92ba0-686c-4227-8d87-0184e0e08cdd
cuiimtclaimantuser999ea578ecab46ab8d9055516936693a@gmail.com,7be40dc5-c2e3-4f72-a485-9ba05e8aeee3
cuiimtclaimantuser4f29acc7427e413bbabef9757bc9cc8d@gmail.com,90e27d10-0662-41b5-a971-01c6ac91b2f9
cuiimtclaimantuser2809538de1e949cba8c0dc81be902c3c@gmail.com,26de831f-e183-4395-ac33-2cb820e0f102
cuiimtclaimantuserfd10dea3c3b64b04992c37c03c853d7e@gmail.com,3d88e226-50fc-45fd-a954-16d9b3d22fd8
cuiimtclaimantusercfc2e4cbd1c14f6f8d2516e860966b2f@gmail.com,e736631a-376e-4cf8-b0d1-af7670d1de76
cuiimtclaimantuser975879d541264b05af1bdf25bcd78aa4@gmail.com,48aa85df-ae03-4b72-a255-ced56e17d15c
cuiimtclaimantuserd69b8f0cce3e449e871e27ff1ab43615@gmail.com,a1d8557d-636c-4678-a10e-c9e6cfb30f3e
cuiimtclaimantuser6075b6f8822f49faaeddc391c2a33e1b@gmail.com,43669149-3832-4eb5-be18-803e2bfca2e8
cuiimtclaimantuser5e09f97236014450b774d44b05464cbe@gmail.com,d019abaf-383d-4c7f-9a89-6406acedb5f5
cuiimtclaimantuser068d64e653e04a0e9fb98f41c1989a1c@gmail.com,5e10b7c4-cd1b-40a9-9538-d45ec8cabcba
cuiimtclaimantuser394b05e92c6d417bab621ff5c676e016@gmail.com,7d03e6ac-8f23-43e7-9ec1-96cf056ceb9c
cuiimtclaimantuser8b6c8acca38846c2ad6e17f1d09e7208@gmail.com,eba18d48-81b9-4a3c-bf86-5b3a23f5d87f
cuiimtclaimantuserbd15deabfec6476796e4c88d5fdb2171@gmail.com,76fef170-451e-4188-b6d7-c22e6e140ba4
cuiimtclaimantuser8e98dae950974c198434601b05caf396@gmail.com,a6cd3afb-7610-47bf-b430-c9ae834a178a
cuiimtclaimantuser87b1d1432a6d4215bc9d7b64068c7e30@gmail.com,08ab93ec-36e7-4ffd-90d8-35e080fd6e2c
cuiimtclaimantuser17c9b950ba7640f08907dfef8a4e44c6@gmail.com,3e451b73-ac12-4675-bb30-b7354c6a5032
cuiimtclaimantuser9e8f1605efad4f819a8b2d8ef4b852db@gmail.com,da380f75-402f-44e9-abc8-12b00d75bd63
cuiimtclaimantuserdd48c895d423482dbe899336aab95834@gmail.com,4fafea6e-4964-4ca7-9600-d7f1329d3d03
cuiimtclaimantuser197df4a3612c4332bd9fb175d95df48b@gmail.com,12ea7883-721a-40d9-9484-a1eea32ebe60
cuiimtclaimantuserffb305371a8b47a4930c8aa8dbf34d8c@gmail.com,86e964e9-ca4f-4672-9e8c-3cb0c22124dd
cuiimtclaimantuser404c99cedb204a6aa81bf2fb424d42ef@gmail.com,a11142da-db10-4c92-8186-18632d2fb4a8
cuiimtclaimantuser924927035e094029b71b56678128ba37@gmail.com,be78bad3-4207-485f-8f58-c607a35f7668
cuiimtclaimantuser4f455e484d314f5cb60ae434d674fc2b@gmail.com,e2f42bec-0fe0-47d2-87f5-8626aa00138a
cuiimtclaimantuser5f2477311c7141dd936b58ad67715c13@gmail.com,eead3fb4-c988-4f23-9596-8ffbe59d3bcf
cuiimtclaimantuser67104bbbadb64d85962e8a063bbbda0c@gmail.com,351cf158-b822-4170-ae6a-fe1dea1751fb
cuiimtclaimantuser2a8add9194d540e1894f4e6af0d1cbcc@gmail.com,78c04d68-259e-4ec0-b7cd-1f7436bda067
cuiimtclaimantuserce157fd530bc424dabeb4bd09ed9baf8@gmail.com,dce0ca4e-c94c-4408-8a8e-3388fdb86ef8
cuiimtclaimantuserbb0e5329578542c38bf93bf5b6e89ca8@gmail.com,262f99e5-7c2d-4713-86dc-8d20678ef457
cuiimtclaimantuser8b8816cacfff4c8c9f402830c309b26c@gmail.com,7c7728a2-ac12-4ee0-bbe6-3e8b621430b4
cuiimtclaimantuser7cb2f783c8b547929bf0f2afbd4c68ef@gmail.com,c892e09b-1655-442e-a459-1b8cac20477e
cuiimtclaimantuserffa061d49d1b477abae4c4ea28387aeb@gmail.com,1fb47867-1412-4887-b0f9-805d84b94595
cuiimtclaimantuser97502993859e46c4897a0948afb7edcc@gmail.com,1fc1532b-3659-47d0-815c-6a148ac40a45
cuiimtclaimantuserb81d1e107c5a4f21b85e277b909c528f@gmail.com,2581b2b1-ddd2-4936-9e13-fbf007b1db9e
cuiimtclaimantusereee319b3edb84771b6e4493fe68a3cb3@gmail.com,5158858d-7bd2-4183-b884-b9e08ff9e225
cuiimtclaimantuser48297d89dad24d9a85170b02f570fa17@gmail.com,e9fe1ece-1e2b-4908-ae89-11fbdad67168
cuiimtclaimantuser41fc1ff3d75c41f7a14435a56a5bb044@gmail.com,6cc7dc97-b4ec-4005-b7a9-1dda55158e86
cuiimtclaimantuser49fcc7eb32574ef1a0453922624d5b16@gmail.com,76e27d62-adab-4eaa-8c92-3841c5770eb6
cuiimtclaimantuser7fe400ac0db5494396783b6333449e8f@gmail.com,7de3a9e4-a1a3-4d25-bd39-ad5918f98454
cuiimtclaimantuser1f2fb177a64a4acdaf1a1a203aa553e2@gmail.com,569700d8-e281-4d34-aa2a-ef6bbbce92e9
cuiimtclaimantuserb055fd930ee24757a7682eaaf0fc2271@gmail.com,75933a52-499e-4aac-9bd0-d889584a89cc
cuiimtclaimantuser947c3c83e4d84d2daddef49f1999744e@gmail.com,06b81511-2772-451e-9402-422cb9040372
cuiimtclaimantuseredbbc95d60a841e9899e1702f13b9ebd@gmail.com,beef8f16-a990-4153-98ae-33bd71344074
cuiimtclaimantusercd0e4abdd03344bfb310295ef8ad66b6@gmail.com,b7060a1e-95f5-4ee3-af78-3193ae7f350c
cuiimtclaimantuser97940c5ad7884ccaa0140382dccd5bd5@gmail.com,430055d3-b2ca-4854-af79-43e1140dac7c
cuiimtclaimantuseraa4ac7031efb458a8334cdfd777968cf@gmail.com,620f0d65-3ff4-4fd6-937c-37e6feb974ba
cuiimtclaimantuserf9d1647044f04c4cb1d4c067e81d6698@gmail.com,2730e9fe-0791-402a-8f65-8f7c2da1a814
cuiimtclaimantuser7e7e522a4948466cb57a10539d5a9855@gmail.com,6cc4b846-a3f8-468d-bb3b-c702405ca493
cuiimtclaimantuser19c3afc2cd5e4fee85de5c25956e8f53@gmail.com,e97d8161-62b9-49c3-a411-ee9f8197c554
cuiimtclaimantuserb3eb44657d0c4e7bb04ccb0b9f45f60f@gmail.com,6f46f61d-9ace-4522-bf6a-c57abf3dd0e6
cuiimtclaimantuserc843f8b8c9164b2aab641a7f6c4335e0@gmail.com,9f6ab4d7-e4a1-473a-b0df-156289ca2002
cuiimtclaimantuser9f2bc6cfc94d429b92463f2b770a4459@gmail.com,241f844a-7c58-41b8-a21a-fbd9c765701c
cuiimtclaimantuserc434bee3ab554db59195bbaac6ced275@gmail.com,6ab16b97-7db0-45d8-ab33-159a887a2727
cuiimtclaimantuserac277733310048d89b405d97b707bf2e@gmail.com,456bdd92-397e-4a8a-bb54-2ddae5791ee6
cuiimtclaimantuser20ab3f11726246528d2a8553e102635d@gmail.com,90f5c034-75b2-442a-b05a-d51dca0ffa30
cuiimtclaimantuser1ee1485b69b0475fb84f568d757a6dc1@gmail.com,3f27f223-77e2-4d26-b24e-0de70f5f8066
cuiimtclaimantuserb5e532d65a1545209dab2cf05ee44390@gmail.com,9a788e21-8dc9-4e87-a6fe-53549e7c7643
cuiimtclaimantuser0a42147ee46f4836bb80d5e407cd5923@gmail.com,fbf79c06-4e81-44be-a5a6-4d6fafa31d60
cuiimtclaimantuser430610f4be204f049de8682aa24f02f9@gmail.com,8c901a66-a2ad-4450-a01d-6fd1006d613d
cuiimtclaimantusere532201d395f491682f1f74e98b33e77@gmail.com,ec2335f3-af66-46e2-8189-2136c4e69432
cuiimtclaimantuserd5aec286f2fc46aba95864d7da2d580e@gmail.com,f409845f-92f7-448e-88ff-0d6ae8cd521a
cuiimtclaimantuser2c9761c56629405f8b3b6456ce22fd25@gmail.com,e9c9ac3d-9440-4902-b481-2eb049d6fa4c
cuiimtclaimantusereb3862e06624405294e73eed55a8fe11@gmail.com,67ef7969-130a-421b-b61d-df8b14700dc9
cuiimtclaimantusere44b8e103ff641d4a659377fcb50f14a@gmail.com,e3363b36-8570-483b-8dfd-9d77e1bd6fb6
cuiimtclaimantuserf8aa2ed4b79d4c8489e7f260799bc996@gmail.com,fcb2db95-5184-488b-88bf-a4a9475b9a29
cuiimtclaimantuserad0e2489f19b47b292d5a5fddfd821af@gmail.com,e3b997fc-3157-4de7-a212-53c190ed5112
cuiimtclaimantusered151cf587d643c09a13cd012c434c6f@gmail.com,020a0f8e-eacf-493b-902a-ba198ec402c5
cuiimtclaimantuser558bdd70de374e75afedc08dfc1f09b9@gmail.com,e3302179-2463-4dfd-8f4d-ec0f0eb0427a
cuiimtclaimantuser81318a62ec834027a301f368fae62a77@gmail.com,e6b48199-3fe3-46dd-8681-1d9e80047356
cuiimtclaimantuserb3ff9ce3af2e4a9382c2320ea288a4c9@gmail.com,3ba94531-faa4-46d8-b490-9b287fb1cf99
cuiimtclaimantusere1ecf11ce6c44146bed60b279b6b6218@gmail.com,430c8f9c-6947-44d5-896b-09d93d6aa279
cuiimtclaimantuser1b452f54f21c40c1b58535e65e3e96e8@gmail.com,1744c746-6cd7-4975-8644-934d312e0fcc
cuiimtclaimantuser0a6925146ebc4b6991df63d39b7fcce2@gmail.com,04f67e62-e287-4397-91a7-c9dfb1a90b66
cuiimtclaimantuserbbf2a5e8459f40eb9f8b09b5de94a157@gmail.com,47f7dec1-0703-494f-bc95-fe113806fbf4
cuiimtclaimantuser9399a78d46c3473bbe063f2bdebf46cd@gmail.com,4524a12b-21d7-42ff-ac61-49e369d4b567
cuiimtclaimantuser3918fbb9ef184602adc47cc1b4a02dc5@gmail.com,20cef84d-8242-493f-b1e7-75d6210ef7a3
cuiimtclaimantuser29a7b4bf2aea42ea846c1314fcdce59e@gmail.com,f46da45f-7c23-484e-a311-913f50933e60
cuiimtclaimantuser4fd73161419f441b9ab539a51b9d27a6@gmail.com,dd3c399d-e883-4cf1-a6f4-0ff98aed2e57
cuiimtclaimantuser38aa54f74f094a86bbc3e40eb592e152@gmail.com,341f8a40-4376-42fd-ad5d-38089fee1525
cuiimtclaimantusera9f7d74b22fb4932a4f21f04b56d3eaf@gmail.com,0c00f13b-c8cf-4a55-b826-771368cafb69
cuiimtclaimantuser7c5e8755b0984336802c0b7d750e2800@gmail.com,f0d4dd86-0df7-48e9-89be-e1217ae2560e
cuiimtclaimantuserbf0f3a4b09fd44ca955072f96ec46927@gmail.com,b8e00a13-4501-4410-a6f2-18e96f9acbf1
cuiimtclaimantuserdf934a33f1ae48638485894e0003178b@gmail.com,993ad223-e220-4884-a08f-16bf4f306a34
cuiimtclaimantuser629bee153d7147199ca9090431c9d3bf@gmail.com,cb2c834d-7a6f-4a21-b2a9-e5d9bfbdaf3c
cuiimtclaimantuser25df16e57daa4549b1e89b02849faeb6@gmail.com,657523a7-e8c8-45fe-a6d8-891b448f284b
cuiimtclaimantuser85f340b81fdc4693b9ff3ce5818d62e1@gmail.com,759922cd-b7c9-4204-9ca8-550daa5a0d4c
cuiimtclaimantuserab746c655a354e40af0a6772306619dc@gmail.com,b1da2d86-6a0a-4472-a183-00eb909edf1b
cuiimtclaimantuser3a537082ca4e45be94d9e5d5fb3cbe3e@gmail.com,eb739f23-a732-409e-9a4c-42e251eabab4
cuiimtclaimantuser337110473cb64b2686774631e9a95c80@gmail.com,3bc49e80-06bc-4533-88f8-0ca196b77b99
cuiimtclaimantuser541463d0aaed4ab9b39aedc0682f317f@gmail.com,42de6593-9085-4477-b9b9-eafd1df2ef40
cuiimtclaimantuser2eb01e63bb1f4d6c87680839683256d0@gmail.com,f6ebeb79-8b43-4904-9a49-fc1708ac9431
cuiimtclaimantuser482f156fe7e842be82d0c0a846c5b418@gmail.com,2982f473-1b9e-406b-b5fc-b0845a1a9e29
cuiimtclaimantuser0de4f6548d574a968f410802d19443b6@gmail.com,884a9898-6ff7-494a-bd08-5b2190f85c34
cuiimtclaimantuser3c5733c04bff4dba9dfbb46d254c2ecd@gmail.com,00a43c33-3dba-4f2c-ab0b-53a2c82e963e
cuiimtclaimantuser3df1ad04472743568c650ebce450db40@gmail.com,7d4ad988-45d1-4cfa-9b2e-ff687a133e01
cuiimtclaimantuserc2d7572c7b424df5a0bff5a6a8f63ddf@gmail.com,ab4aa92a-5486-4114-aa66-9b42092dcf81
cuiimtclaimantuser8e0611ce032c488ca931367d83e8bb5b@gmail.com,dfc7daa2-3b9d-4bf7-b35f-a38ca1c2a785
cuiimtclaimantuser8932d306cd9f48f99aa9f949f71b71d4@gmail.com,b5f4a1a3-87ab-47de-a72c-b071d68fde07
cuiimtclaimantusera873e256017f41309ae51e1d72782f0d@gmail.com,30932650-ec91-4cb1-95ce-88eb4975329a
cuiimtclaimantuser4d1e630d2c6f4426b5952781e3bd2a7e@gmail.com,5d84c5e7-332e-4cc9-b45a-f862e24adc30
cuiimtclaimantuserd04672eeb13e4a93a1d11cd5d8acc8c9@gmail.com,8d42a9b8-8a48-4a7c-8b10-19a5d345edad
cuiimtclaimantusere57984386741419584d0df5eff05acbd@gmail.com,a61a9023-7912-4240-ade8-21b7bcf1d907
cuiimtclaimantuser1254a99f3b9f4207a3b2525afd9858d2@gmail.com,3248994c-8714-43a5-b0e9-5d98f984fd7a
cuiimtclaimantuserebe916ba59d241c0a785cf30aaa76abd@gmail.com,988a21f9-efe9-42cd-8a11-0cec171f7885
cuiimtclaimantuser2fc2cb73e9be4d558f16d5358c1d048a@gmail.com,4f35913c-4836-40c1-8e50-46b568ad709e
cuiimtclaimantuser9892ee0bea9948c2b1bc16e8ae450568@gmail.com,2f0fdeca-e470-44a6-aa5a-3605bc61f835
cuiimtclaimantuser7279cdc84bfd46c5922be818c5e5f208@gmail.com,00110357-e1d0-4e33-84d5-b5024122682c
cuiimtclaimantuserdf15d5952df24b7497ce5b153a89bc1f@gmail.com,8a57ec22-0e59-4efc-8797-9bc6ea8acd5f
cuiimtclaimantuser2a759843858a49d48bc837a2412ac837@gmail.com,24809bf3-3778-4979-a498-d1e8a4d2f6d4
cuiimtclaimantuser1131773a4f8e46d0ae7f0bf233c3f7c7@gmail.com,de0140a5-3cd6-4689-a94b-4b5334a087a3
cuiimtclaimantuser00a4c97c72cc4d04a54af1b75fc7047a@gmail.com,523d3bdf-2404-40d7-844e-8f7b7d6cd2cf
cuiimtclaimantuser8e4c830ec37644a18f3e282f5bea636d@gmail.com,e0c61717-cc2e-4626-a921-90e04059fb92
cuiimtclaimantuser14fd5fb9bd5745c3adfd42e83a803715@gmail.com,312829b0-236c-48bb-826d-2dc845f6bfe7
cuiimtclaimantuser1dd1a88f9ce74d378c259d771f7bba85@gmail.com,b582905c-013d-45ac-9342-0456fc371005
cuiimtclaimantuserac943f9e25174023a828d9015e76691e@gmail.com,fedced61-5954-4ea5-90b1-1983b04698ac
cuiimtclaimantuserf538a08a1ce14f8282ebabb12ed7e632@gmail.com,ca8ba644-5cab-44c4-8561-f5bacb6a2609
cuiimtclaimantuser4d4305c4e58240138defd0c861917292@gmail.com,600cb6d6-6311-46cc-887c-05e48aaad5d3
cuiimtclaimantuser58e015632fe14105a08401dbf2090030@gmail.com,94577d8d-f470-4870-8594-fd76032a7cc7
cuiimtclaimantuser8689a3b4767d4c6997d550a5a09a02e4@gmail.com,f26b73bb-636b-415f-a994-540d3f164d67
cuiimtclaimantusereae60e7538ba430cb8cc9696cda4b9e1@gmail.com,95914ad2-3f75-482e-828e-46f5708caa49
cuiimtclaimantuser38d8bc55df8d494a8de7f0b133a6eaa1@gmail.com,44d7c386-f67f-4c21-8080-0af8c6124b00
cuiimtclaimantuserffac299c27ed424696d7abf8f43ceecf@gmail.com,2a438eff-32b2-4f1a-bdab-56d722b7a670
cuiimtclaimantuser92201f6c053e4ef19bbe952bdb61cb95@gmail.com,a790a98e-e8af-47d9-8ab2-aa635ead8441
cuiimtclaimantuserb7fecc586c354f008ae4d1a3da2ed5da@gmail.com,374eda0b-e19c-4b0b-a441-27ebb54b6b5c
cuiimtclaimantuser49d7cb0c874f4d5a83a9d4ba562c4314@gmail.com,106a8b78-18c1-461d-a443-1453bb27ca19
cuiimtclaimantuser3749fa164246460bb90a8ab635b65d06@gmail.com,ea742e9f-0b92-43e2-92d4-a071907c3be3
cuiimtclaimantusereb1ea55a1441401a8d82a858a18d2085@gmail.com,ccfbe904-b6b5-4081-8336-4d62323408e5
cuiimtclaimantuserc8be4f7748824378b6dc4f827d009f7b@gmail.com,b71b42a6-d9c3-4a72-bea5-59612130b6fa
cuiimtclaimantuserf0a29d10fac64cd3a86b4dd0909dbeee@gmail.com,a092b0c2-ad0f-4aa2-965a-22f367f1aa2f
cuiimtclaimantuser5e0bad9d8c8144a486be240d1dbb2f17@gmail.com,20b71493-2501-4b33-b0f1-810c4e66bf3c
cuiimtclaimantuser669743de49e443da96ab765fc9f725e8@gmail.com,d285090f-7066-432b-907b-9a54a2e1312b
cuiimtclaimantuserec5e82a57acc403b9da5bf56e9c7542b@gmail.com,ddde490d-7bdc-492a-99e8-bcdda56e0c39
cuiimtclaimantusera27d7cf75f884e6194c6e3fc771df7c1@gmail.com,79bab26f-a062-4452-845a-d9964e125d16
cuiimtclaimantuserd5f121c52d9343c6be9a080aa34422b4@gmail.com,f6041cd7-3c7d-45a5-912a-443be4cb8994
cuiimtclaimantuser4a121551f16c4bb48739214ba8237c15@gmail.com,433f3e2f-a1ab-4d6c-96d9-7beaa26fa766
cuiimtclaimantuser6d898a9071384ba083f644cff421c3dd@gmail.com,825bb1cc-3648-4ad0-8059-ce5d717bf990
cuiimtclaimantuserb35a9355847b4e00b77cccfbc94c1f84@gmail.com,a72a1014-0994-45e8-9d23-8884027a1b31
cuiimtclaimantuser1fe56b8800cb47868203526aeb86b85a@gmail.com,4edf7675-1c28-480d-b6bf-66527f79241a
cuiimtclaimantuser94b14bc4be544871b860544caa9b6f19@gmail.com,98b33464-19a7-463f-9985-0279e6c2093c
cuiimtclaimantuserd50c05c667904b99880aa12054e0bb07@gmail.com,1cabf9a4-1474-406b-9f64-5652c222adbf
cuiimtclaimantuserad4b4e583b7a4039b33718dc4963af17@gmail.com,f4ffe4aa-ede7-4ae2-95a5-48f373b6bf46
cuiimtclaimantuser633f5fd7209846649071ce849bcecdf2@gmail.com,3f0adddf-28ff-4c3a-b4e2-3f8ec2f3a803
cuiimtclaimantuser641d5397a4664c569c259170294507e9@gmail.com,9dcce134-cbb5-4b0b-a3ee-149ca61d6331
cuiimtclaimantuser1cc46be028be49c7873b3abfa9dadbbb@gmail.com,8cbc68d7-1cf0-4d74-97e0-c5223a5abf12
cuiimtclaimantuser6aa88ab1c34f4efaa8ac16a6e98f84b8@gmail.com,cdf44083-6c29-4bb2-866f-89995afdce58
cuiimtclaimantuser0a68909b3f154f4b9b7a76188ff7e614@gmail.com,a56a5211-3b9d-4f49-956e-d6c961324e95
cuiimtclaimantuser86bed7a70f774afea03b8649a9459569@gmail.com,e20c0626-a51b-4a09-b66e-ea79fb568828
cuiimtclaimantuser2b32a81a24bb424382909dd8b6ea506e@gmail.com,4f8029bd-24ae-48a3-b5ff-d13483a8c98d
cuiimtclaimantuserb2b95b59492e42f591a39476dadf9907@gmail.com,c98a811c-f943-4b26-a79d-9f32f00932fc
cuiimtclaimantuser5c0101b161524f70bc791655531fda00@gmail.com,5c910570-62cc-4e5b-81dd-ac9035357a70
cuiimtclaimantuserfdbf364956da4d52ac9dba67436c1577@gmail.com,7ca64a31-71a4-49a4-8143-739ed417c76b
cuiimtclaimantuserc671b6e056bc4a189c9e0aad523e58c0@gmail.com,f10db65b-6908-4492-90b6-f918e8a36797
cuiimtclaimantuser47dd5704260a401aa8510e7182b7d9bb@gmail.com,a09d37c8-4fde-425d-949a-d690335b6d50
cuiimtclaimantuser545a1b491abe46c1ab191029bcad13e3@gmail.com,5faffce2-9fe6-48de-a43d-ff00f4be3e6c
cuiimtclaimantuserbb45737fcd0046bd9e9b2b043741cac8@gmail.com,efce388a-f385-42f9-969c-8cc9895c1e23
cuiimtclaimantusere3b4e4dcedd64f6684e94224da27888e@gmail.com,2c1423c9-2d12-449d-9f48-20bfe2cbfe8e
cuiimtclaimantuser8db98f35f11f460aa899ce566a68648a@gmail.com,3f090e9a-dbcf-4eb5-8740-40cb2d829816
cuiimtclaimantuser34de5e21f6e74e5a9038ab88a7b32b0f@gmail.com,65cec8cf-a328-4d1c-8351-e51259857743
cuiimtclaimantusere444d013c4cb4232809561bc0e143a82@gmail.com,dc6e4e66-e121-4479-b792-0989e056155d
cuiimtclaimantuser3db38a60439348ed9820ec9668cfdc68@gmail.com,3f12ff92-2465-4a4e-bd81-28fd482ac8e9
cuiimtclaimantuser03282df8492a416697b26599d31da936@gmail.com,909331f7-b89f-48f2-9a6f-2f91b8de2a34
cuiimtclaimantusera56daa6c622248ada8f8e5f066e12ae4@gmail.com,ca3d1794-3d49-4c89-b07e-a2fde70618d1
cuiimtclaimantuser2913b1b4580b4407903fc8c6772b62b0@gmail.com,8e36e951-46d4-4692-9182-2ebc4a0ad90a
cuiimtclaimantuser32f97769932f457cba1d24ee28219693@gmail.com,39dc28ae-01c1-47cc-a6e7-c46c7529208f
cuiimtclaimantuser54820e9d892440f09bc83920b27bf9fe@gmail.com,5dc5c7de-62c3-4a31-b859-c325e447d811
cuiimtclaimantuser4593ca0515e5425e88dc1ad4ce3acb5e@gmail.com,9d8c7dc8-ebb2-4595-80fc-a8dc15b70979
cuiimtclaimantuser68290d4205a344e587e42b33b2eb1981@gmail.com,fb94ddbd-5512-4d83-8be1-5f69be060ef9
cuiimtclaimantuser964310ea93f74576b9003e36fe555391@gmail.com,18548289-9d2e-4cf0-8aab-3fb606f24014
cuiimtclaimantuserdcb6be62ed734019a7957ed1d6207f2f@gmail.com,318a2959-0f25-4047-934b-a5bee54fd69a
cuiimtclaimantusera2f4ae9ae80d4a488db4f42af6df55af@gmail.com,d210a648-88a2-45fa-915b-18be3c9a6aa6
cuiimtclaimantusera174f022ebfd4c7bb153b37b6872b740@gmail.com,d9b22b18-a963-47c3-af86-daff7c4eba30
cuiimtclaimantuserc9585d0dd45f45a6bd67cb11ac7df81c@gmail.com,35e4d0ef-8528-4656-b51f-67f65ce66099
cuiimtclaimantuserc0990d5fac23429099d53e09039a1585@gmail.com,94404023-6367-4e0f-b667-b6909132e2ef
cuiimtclaimantuserec5202ae3b694c0992dfb5d9a06b70f2@gmail.com,b865eae2-2dda-4dfa-873a-3b73a5314c05
cuiimtclaimantuser1a398c250c124810a382965489675436@gmail.com,e863afc0-9a4f-42ff-93e7-f27a06075387
cuiimtclaimantuser0eb0b259cf8a4074b434a9fb6344a8e3@gmail.com,9fb488d3-4b1d-4621-8568-38c65ce3cbed
cuiimtclaimantuser2dca400c16db481b9ff74afc0eef67d8@gmail.com,60a8f868-4b4b-4885-930a-2f1d85682638
cuiimtclaimantuser382d5b93051949179d99b8075ee41b3d@gmail.com,29014e72-fc16-4420-946e-2b9b6ca7c9bf
cuiimtclaimantuserd4930dd6c35242648abdd4f00bc0401b@gmail.com,2b976c34-b23d-40cf-86cb-e53183d4dc2d
cuiimtclaimantusera2a0eeaa55f643bd9599d2a675fe4884@gmail.com,d1df7ed4-9b09-42b8-8115-016e54fe0c8a
cuiimtclaimantusered95bf44aa7b495697aa665c96698bda@gmail.com,7f87441a-c796-47ae-b06c-53027c81b724
cuiimtclaimantuser895b0498a2f1469586246a5c6526fbe3@gmail.com,fb41fbe7-7818-48d2-970f-5e28228af774
cuiimtclaimantuser6a6ee069bb124752a39e45a14be1f8e6@gmail.com,918b3371-db81-4a74-bc96-dfe2547e3005
cuiimtclaimantuser7455a66d2ea04b19a809c32c85136b0d@gmail.com,34c22288-645e-4c85-b4af-4f12cc9fb9d7
cuiimtclaimantuser1bd024198cac495c8654b8ae50133b59@gmail.com,5801410d-150c-44c2-9086-f9e488432044
cuiimtclaimantuserde59cda4760d4d2f8b50572ff8a973a1@gmail.com,0aadbbde-1f27-4350-8b53-3d9af7956f5a
cuiimtclaimantuserde8052ae3f9b425aad1e5a54048dca88@gmail.com,e3a70e34-c9ae-4916-b9a7-1f412884eba2
cuiimtclaimantuserdbd7ee1cc3934e0b871eb9ae4ffb1905@gmail.com,98fbc97f-33ad-43e2-b650-25e0d43201f5
cuiimtclaimantuser6478083d72fe4e74b44de59e3a9cf4b2@gmail.com,45b1eb6c-3935-437a-8c0d-984a8e0f8ab9
cuiimtclaimantuserd4fe29e6a8434771b82a12e56212e02f@gmail.com,e5ad9196-250f-454e-b8bb-328fdf64920b
cuiimtclaimantuser476e8aab2c804b5ca05affea8433079f@gmail.com,974f8368-5b06-494c-b481-b6007216d030
cuiimtclaimantuser720da4d0fe904e0c9cbf1240bdb573db@gmail.com,75d83592-e879-475f-9d9d-cfaa96129dbc
cuiimtclaimantuserd71287bf651d49bf9e934fd51389781f@gmail.com,45cc9525-763e-4446-865a-c9c2aa81c274
cuiimtclaimantuser3aa7636b31f74e139478ddd614ff4c2a@gmail.com,160a1f72-179b-4490-9cb2-fd659c498055
cuiimtclaimantuser5244f07b6cf54825a627c5d65d82331c@gmail.com,ab8f3eed-f232-4fb8-90fc-2521f410fb02
cuiimtclaimantuser7b10dcfd50da4e33a5b264a4e136b98b@gmail.com,1a5cde67-8d8b-430e-adc0-014f68bc0f8e
cuiimtclaimantuserbf8071cc50b84e4a91498e688215ffc3@gmail.com,2813aafe-1709-4835-a31b-02b786022cfe
cuiimtclaimantuser08009412528340b18eb3ddaf092aa0d6@gmail.com,db98dfd7-e8d1-42ad-83dd-ea94b52e9bec
cuiimtclaimantusere6d243dd8eac49b5b08aa5304d937596@gmail.com,83cac0e0-e4f2-4d23-9523-6d1b7f1a0ddf
cuiimtclaimantuserb270944845504dac995ef95f2d334d21@gmail.com,7611b0d8-cd59-4ff3-9abb-df840368eb12
cuiimtclaimantuser171d505030e94edc8b4e50f93bf81ca1@gmail.com,a4751488-0677-4237-b495-b712b03326c0
cuiimtclaimantuser2aee492073bb4bafb2181f8bc87fd1fb@gmail.com,bc82738b-35e2-410e-b7f6-efe8a504b317
cuiimtclaimantuserb2f574cbb2e04bb3bec6d016e7253d41@gmail.com,9f09daca-e798-47c9-bf74-80a8b7d04e90
cuiimtclaimantuser1ad896903a3f4db5bffdfb4667a1b5ec@gmail.com,cf2d678c-6190-42cb-9bf1-7fbdf13e53c9
cuiimtclaimantuser727f7c36f8a142839da9039236644bab@gmail.com,2f0131ba-0e77-4579-a460-45aa8ea4a70f
cuiimtclaimantuser4fe6a6757fb5437bb86e949ffd8662c8@gmail.com,69e72345-0f85-4c5c-acd2-7acd118d7cd6
cuiimtclaimantuserb2e724c49eab4d59a3f94850aff8ec65@gmail.com,c6869f79-3f5f-4b55-9ffe-c7b2e210bca1
cuiimtclaimantuser2a421478f0eb438293df361684968f56@gmail.com,f2cb1f13-ed5b-45e0-acf9-65ad6f9f13b4
cuiimtclaimantuser3f952286401c45eb94bfc39eee5d6e6d@gmail.com,726dcc47-6345-46d4-8edc-b43487080d44
cuiimtclaimantuserf433e714da8d45f18620d3f6f00ab890@gmail.com,38f2edf0-ca28-49a9-8408-796d623cd3d9
cuiimtclaimantuser8a66c002f20f4d6b87c08f71c405ac8c@gmail.com,6d79a3a7-38ce-4762-a717-361837eedae9
cuiimtclaimantuser05396285bb88487381b06d8161a7f7e8@gmail.com,a76e8b29-15c1-40c9-b570-cf1cc2a11f22
cuiimtclaimantuserc66c77fceef642cd8f02dfb5b3f4629d@gmail.com,2d56b711-eddd-409f-bfa4-a77ed07b6c9d
cuiimtclaimantuser2d1f72b9d8a7405b9653956c9897f41e@gmail.com,bcf29097-80a7-49f8-bd46-a0765227c7a0
cuiimtclaimantuser55c3a9ffa3364efb9f17eb1cca3b9da0@gmail.com,351b26ad-6d62-4aa3-a4a1-72de4a722b50
cuiimtclaimantusera93b433df117438483f5f2fd93f79d1b@gmail.com,41ae73ec-7ed5-4b27-b973-6a88381212d3
cuiimtclaimantusercd30ed3ae4454d4aaa8875a2f4847273@gmail.com,361037d2-f4e6-4923-a332-3df0c2d6dcd4
cuiimtclaimantuser56e3c8a0ae654ad8a8ec42e49f7601cb@gmail.com,01d3e72a-d257-4ef5-b79c-4db4f16d0e01
cuiimtclaimantusereb9e6a8aa5994a9ea4348f3e5a5c36c8@gmail.com,07cdb7c9-cc68-4fd8-9c84-d57eb9f86fc3
cuiimtclaimantusera353bd332cd04713a06808d0e7048439@gmail.com,15cb8738-39a4-4e75-a0f9-e5396469970d
cuiimtclaimantuserfb588b10e26c4e86b1a46544ac5b6a25@gmail.com,a691c26e-6f7f-4abb-a71b-16451db51116
cuiimtclaimantuserd4e9d5d970ba4d1faa4d267e3467f84b@gmail.com,c56b8019-df7d-41e9-a886-f0c287b1e8c1
cuiimtclaimantuser37cee0f337dc48b1855af4a3ab82b44f@gmail.com,94b65c30-59a7-4281-a9f9-7a2c0e3cfa4d
cuiimtclaimantuser045b93ffdce94cb7ac11aec19291972c@gmail.com,0466af47-aba9-40a6-b331-b31515a10a48
cuiimtclaimantuser7d034dd41ff445b0b2c515e7b979a263@gmail.com,716a5204-e6cb-4de1-8717-1ac9b3ad01f7
cuiimtclaimantusereea71938435e494c8a1ad3a89121b38d@gmail.com,93ac7501-15ee-4c8e-8955-351020f37d8f
cuiimtclaimantuserd91348a502aa451bad01840abba2f515@gmail.com,a60e9c73-4408-4475-a2fd-a8770118b1c9
cuiimtclaimantuser9098a32b9342460fae44b62494d33ecc@gmail.com,71ed32e9-b365-40b7-ad6c-6803b3a88f0c
cuiimtclaimantuser56fb5d6d32794430be48fb23320cb985@gmail.com,4616b5d9-9641-4080-a941-c39dfc993740
cuiimtclaimantuser40fb799b8365419d99b7f19b7f771934@gmail.com,1afc1302-95c7-4d35-a6ee-ea2d3b464dbb
cuiimtclaimantuser0aabadbf67344f96a6cfe57f47051423@gmail.com,ff9f3f40-918f-4c93-82dd-e30136d1404e
cuiimtclaimantuserbe5692b550d1440b91e693bf8554c59d@gmail.com,f2d945c2-71cc-4fff-b56f-0f8329187127
cuiimtclaimantuserdb0d2c2c75044720a446b7736e54d7a7@gmail.com,64ad4963-bd29-4d09-949d-ef50f9cd3146
cuiimtclaimantusera3055c43f0e94a70ba61e683c5f4e0ad@gmail.com,d4fff0a5-a516-474a-9130-1152634e0034
cuiimtclaimantuser44b41a2faf1141ef8f896fcf5dd9a184@gmail.com,4b71da8a-0eec-4b10-9bd6-64c64d75f363
cuiimtclaimantuser63695f114b464df2bf103866d0772a10@gmail.com,cc901927-fbc1-4747-ab7f-d22ee8e0538d
cuiimtclaimantuser2e7101f8b91e4593b4030f3a43f7f410@gmail.com,f066b457-60a9-4d60-8226-601b22d4e384
cuiimtclaimantuser0f5b0903dbf34d239988e24957a21111@gmail.com,3484ff90-e0fa-442a-b06f-a61afa51f01b
cuiimtclaimantuserdc83e4f5e7f34668adc529fb211cb564@gmail.com,66398f6a-e4e8-4f2d-88b1-0464f02715e3
cuiimtclaimantuser0b018b71aef340329dbf33081de5e6b3@gmail.com,97b7177e-9b23-4663-babc-f7eb3155927c
cuiimtclaimantuser1e264c7bcefb467bacd6fe267cf90718@gmail.com,6837302c-46a5-40c2-b0a7-09a84cbd271e
cuiimtclaimantusera45c7e519a76429ea095c7f020280f82@gmail.com,f318aa6b-7b30-466a-bbd6-013a8dc83d7c
cuiimtclaimantuser502049fe9e6c4a659252321a43733532@gmail.com,20a68c21-3a8d-4874-b843-3fd6eaec6c83
cuiimtclaimantuser03c5e36440ca44e6b6e1c27a5399e0e3@gmail.com,8619fbda-d697-4581-a953-afff34e42583
cuiimtclaimantuserf6d4473e36a641fd891514368bc24355@gmail.com,2d4db6d4-b46e-4d34-97d3-4ca6c67ad987
cuiimtclaimantuserf29fe3851a2a4470bad3a26a6e8ce0e4@gmail.com,33e95935-d7a1-487a-a332-adeb692ee216
cuiimtclaimantusere212d067f1414435a7de5444427338de@gmail.com,5b8f030c-d6fc-4e43-aa49-ebf2626dba51
cuiimtclaimantuser7207a4157b3944b0b2fc5b91595357f0@gmail.com,2769e058-7eee-458e-bec9-f96a408c0bba
cuiimtclaimantuserc218c69443f040f6a1bb841411d8f3aa@gmail.com,18f78efb-3533-4d06-8a68-3188928548d0
cuiimtclaimantusera46334744d8d410e94e8ad01ce4bfb58@gmail.com,007815b6-4a60-45e5-97b7-486fbabff25b
cuiimtclaimantuser2878fc450bce42dd9b88baee7c3073b3@gmail.com,285742eb-8ef1-4e93-93c4-519d9ea7ddbd
cuiimtclaimantuser62ef9ff664f842038585b46c3dd61ee5@gmail.com,2702e084-27f9-4663-ac14-8c22625e516d
cuiimtclaimantuserb624d266f9c94e738e714001cdc41ae8@gmail.com,c56a0f8d-54af-4802-853b-ffe8a82bf63b
cuiimtclaimantuserbb174c25862c4ffc8640862de43493ee@gmail.com,e1dd80c9-dd9c-49f0-a13e-6b3f14989e3d
cuiimtclaimantusera61c45320c654b1796305c6feaf3c655@gmail.com,8d9c7539-9479-439a-8966-5156bb4ca522
cuiimtclaimantuser152a5dd321de4ff8bc35c0f7e337f1ba@gmail.com,7268a93a-38a5-4d0f-ae4a-8a4ee48853e8
cuiimtclaimantuserbffbe3e8fba24857bd926150cf18ab89@gmail.com,1f6ef509-0897-453b-97e8-00b4b3f49b4e
cuiimtclaimantuser9f79a13589024a9a89d0ae5dc026a4ac@gmail.com,d7559d4e-7aa3-424e-ad25-c7745a95a567
cuiimtclaimantuserbfd028806c77420c8455c2488978ebc0@gmail.com,a3732a67-07e6-446c-86b9-1c1aebd5b915
cuiimtclaimantuser1feb6893c5554decb6a36ab19e9ebaeb@gmail.com,745361a5-8a34-453a-a4cc-a293da4d4812
cuiimtclaimantuser209b365f41b2477bb04078a8e5d664fd@gmail.com,9586196b-7ac7-4c2d-8c3b-e9a03716eae0
cuiimtclaimantuser1379d4a9f9364392b258d25f4f60876f@gmail.com,8efd8cb8-c348-4405-8695-5c54a573dc29
cuiimtclaimantuser7f6d22376df9438eb5a3c648b078afe4@gmail.com,6c735a42-a8bc-4a54-afe7-ae3a9c11868b
cuiimtclaimantusera50791f5cace42eda177f4cf7b0d4dc2@gmail.com,b9740171-9f30-4173-b080-c5eb78435bda
cuiimtclaimantuser1980f26a5c7b40429a6cc576536d4093@gmail.com,891e46a4-08e5-473f-8d2b-d84f7d871dc6
cuiimtclaimantuserbaa0375b3d56474781f18157bfb3c596@gmail.com,9c380035-f209-48f1-92fe-a892794911f5
cuiimtclaimantuserd1c7f51f88c44cfaa2560bb350dde82e@gmail.com,2661fa56-2159-4252-8692-905be936801c
cuiimtclaimantusere9ef0ac65e6b4f14b1fbfbc526543696@gmail.com,57f053fc-7b80-4921-83bf-57c878edeed4
cuiimtclaimantuser82d0ba17699d4e0a8e858f8ffe80540e@gmail.com,22c9b071-8002-4d52-ae9e-92992006eabf
cuiimtclaimantuser1d763d2484c44987806711f8cf277a1d@gmail.com,755ae745-78ea-4ccd-afcb-9259f3bb5293
cuiimtclaimantuser1c27ecd8664a490189d3e812025795c7@gmail.com,4eead405-6ed1-4031-a505-18b7f6a72dd0
cuiimtclaimantuserbd4724d9b9ab4966bee6113a9650f25a@gmail.com,5dc59052-f9cb-49ff-bc1a-dd6be4178b78
cuiimtclaimantuser2effeae273bc4d8eb981245b4c4cd9e4@gmail.com,90cb6dd8-961e-4e53-9953-cdac8cfd2ac9
cuiimtclaimantuser8435524a2dea4aaba11db4287405940b@gmail.com,896c6db0-353e-43b0-8269-57bf109bed55
cuiimtclaimantuser7b0813195b8b4280aab17504700a3dc8@gmail.com,7d769192-a7f5-4bc5-af0c-f817e8ab8dcb
cuiimtclaimantusera5a8d3f5c52f4a0caeb820635851f4bb@gmail.com,65c74907-3743-40f8-b7de-ba42c25a97b7
cuiimtclaimantuser3455db45a59c4f87998e7795e0115fb6@gmail.com,6627784b-e1de-4d1f-97af-d2cba744b368
cuiimtclaimantuser7622431eb6e145729e3bf06c61427ea8@gmail.com,e2df79d7-0b28-442a-a6f1-75e9102d4bb9
cuiimtclaimantusera64ec3d637cf4a46b19bd21463a5a334@gmail.com,31bff373-fa62-49f5-a4d2-7b9dc5276654
cuiimtclaimantusered16e6defedf416d8821a5a5f848a155@gmail.com,64cb6ba6-7672-4c87-8548-545c8c016c5a
cuiimtclaimantuserb440015769be4d0c8eeeddcada27d726@gmail.com,b0bc7803-37c8-448f-acdc-4788e8234223
cuiimtclaimantuser16abf922e84849f1b9c9efb491235418@gmail.com,185e8aa0-b059-49c1-956f-9c28a183d889
cuiimtclaimantuserde16c81444f14290a39c8e84c20e4922@gmail.com,f2506310-8275-48c2-b5ac-e0d6b5b02c73
cuiimtclaimantuser5b10d562fb034fd082798b5a3d9be215@gmail.com,3292cc10-6d3f-440c-bbba-1af666d678d5
cuiimtclaimantuser0842038972a94d24b89bfbf65c36e6bb@gmail.com,4ff23341-d55e-4606-bbf7-3d4568c20c13
cuiimtclaimantuser3e12fd33cb014f01a9e5633b6e97055a@gmail.com,f250e95e-476b-4dc8-be94-8275a1e3413e
cuiimtclaimantuseraccfec1360994300a9eb784e465b7dbf@gmail.com,e68e7898-b8b9-4ad0-b538-e5692b7f3b19
cuiimtclaimantuserd42e85cca5f346a595b23b31a52d50e8@gmail.com,c1986ecc-f992-4336-8409-45349a391ea7
cuiimtclaimantuser430cadc8678743c0a40938a67719b8c1@gmail.com,1f8af6bd-ce48-4cc4-a323-55c4b785f8b6
