{
    "name": "All Requests",
    "numberOfRequests": {
        "total": 47,
        "ok": 46,
        "ko": 1
    },
    "minResponseTime": {
        "total": 26,
        "ok": 26,
        "ko": 30025
    },
    "maxResponseTime": {
        "total": 30025,
        "ok": 4786,
        "ko": 30025
    },
    "meanResponseTime": {
        "total": 1668,
        "ok": 1051,
        "ko": 30025
    },
    "standardDeviation": {
        "total": 4356,
        "ok": 1237,
        "ko": 0
    },
    "percentiles1": {
        "total": 688,
        "ok": 651,
        "ko": 30025
    },
    "percentiles2": {
        "total": 1701,
        "ok": 1570,
        "ko": 30025
    },
    "percentiles3": {
        "total": 4165,
        "ok": 3756,
        "ko": 30025
    },
    "percentiles4": {
        "total": 18415,
        "ok": 4562,
        "ko": 30025
    },
    "group1": {
    "name": "t < 800 ms",
    "htmlName": "t < 800 ms",
    "count": 28,
    "percentage": 59.57446808510638
},
    "group2": {
    "name": "800 ms <= t < 1200 ms",
    "htmlName": "t >= 800 ms <br> t < 1200 ms",
    "count": 3,
    "percentage": 6.382978723404255
},
    "group3": {
    "name": "t >= 1200 ms",
    "htmlName": "t >= 1200 ms",
    "count": 15,
    "percentage": 31.914893617021278
},
    "group4": {
    "name": "failed",
    "htmlName": "failed",
    "count": 1,
    "percentage": 2.127659574468085
},
    "meanNumberOfRequestsPerSecond": {
        "total": 0.13702623906705538,
        "ok": 0.13411078717201166,
        "ko": 0.0029154518950437317
    }
}